,source,target
0,https://www.google.com/,https://www.google.com/imghp?hl=de&tab=wi
1,https://www.google.com/,https://maps.google.de/maps?hl=de&tab=wl
2,https://www.google.com/,https://play.google.com/?hl=de&tab=w8
3,https://www.google.com/,https://www.youtube.com/?tab=w1
4,https://www.google.com/,https://news.google.com/?tab=wn
5,https://www.google.com/,https://mail.google.com/mail/?tab=wm
6,https://www.google.com/,https://drive.google.com/?tab=wo
7,https://www.google.com/,https://www.google.de/intl/de/about/products?tab=wh
8,https://www.google.com/,http://www.google.de/history/optout?hl=de
9,https://www.google.com/,https://www.google.com/preferences?hl=de
10,https://www.google.com/,https://accounts.google.com/ServiceLogin?hl=de&passive=true&continue=https://www.google.com/&ec=GAZAAQ
11,https://www.google.com/,https://www.google.com/advanced_search?hl=de&authuser=0
12,https://www.google.com/,https://www.google.com/intl/de/ads/
13,https://www.google.com/,https://www.google.com/services/
14,https://www.google.com/,https://www.google.com/intl/de/about.html
15,https://www.google.com/,https://www.google.com/setprefdomain?prefdom=DE&prev=https://www.google.de/&sig=K_FBiEl0PLEuM8l4SvhcIuhjeHj6c%3D
16,https://www.google.com/,https://www.google.com/intl/de/policies/privacy/
17,https://www.google.com/,https://www.google.com/intl/de/policies/terms/
18,https://www.google.com/imghp?hl=de&tab=wi,https://www.google.de/webhp?tab=iw
19,https://www.google.com/imghp?hl=de&tab=wi,https://maps.google.de/maps?hl=de&tab=il
20,https://www.google.com/imghp?hl=de&tab=wi,https://play.google.com/?hl=de&tab=i8
21,https://www.google.com/imghp?hl=de&tab=wi,https://www.youtube.com/?tab=i1
22,https://www.google.com/imghp?hl=de&tab=wi,https://news.google.com/?tab=in
23,https://www.google.com/imghp?hl=de&tab=wi,https://mail.google.com/mail/?tab=im
24,https://www.google.com/imghp?hl=de&tab=wi,https://drive.google.com/?tab=io
25,https://www.google.com/imghp?hl=de&tab=wi,https://www.google.de/intl/de/about/products?tab=ih
26,https://www.google.com/imghp?hl=de&tab=wi,http://www.google.de/history/optout?hl=de
27,https://www.google.com/imghp?hl=de&tab=wi,https://www.google.com/preferences?hl=de
28,https://www.google.com/imghp?hl=de&tab=wi,https://accounts.google.com/ServiceLogin?hl=de&passive=true&continue=https://www.google.com/imghp%3Fhl%3Dde%26tab%3Dwi&ec=GAZAAg
29,https://www.google.com/imghp?hl=de&tab=wi,https://www.google.com/advanced_image_search?hl=de&authuser=0
30,https://www.google.com/imghp?hl=de&tab=wi,https://www.google.com/intl/de/ads/
31,https://www.google.com/imghp?hl=de&tab=wi,https://www.google.com/services/
32,https://www.google.com/imghp?hl=de&tab=wi,https://www.google.com/intl/de/about.html
33,https://www.google.com/imghp?hl=de&tab=wi,https://www.google.com/intl/de/policies/privacy/
34,https://www.google.com/imghp?hl=de&tab=wi,https://www.google.com/intl/de/policies/terms/
35,https://maps.google.de/maps?hl=de&tab=wl,https://accounts.google.com/ServiceLogin?hl=de&cd=DE&continue=https://maps.google.de/maps?hl%3Dde%26tab%3Dwl&gae=cb-eomtm
36,https://maps.google.de/maps?hl=de&tab=wl,https://policies.google.com/technologies/cookies?hl=de&utm_source=ucb
37,https://maps.google.de/maps?hl=de&tab=wl,https://consent.google.de/dl?continue=https://maps.google.de/maps?hl%3Dde%26tab%3Dwl&gl=DE&hl=de&cm=2&pc=m&uxe=eomtm&src=1
38,https://maps.google.de/maps?hl=de&tab=wl,https://policies.google.com/privacy?hl=de&utm_source=ucb
39,https://maps.google.de/maps?hl=de&tab=wl,https://policies.google.com/terms?hl=de&utm_source=ucb
40,https://maps.google.de/maps?hl=de&tab=wl,https://www.google.com/setprefdomain?prefdom=DE&prev=https://www.google.de/&sig=K_FBiEl0PLEuM8l4SvhcIuhjeHj6c%3D
41,https://play.google.com/?hl=de&tab=w8,https://play.google.com/store/games
42,https://play.google.com/?hl=de&tab=w8,https://policies.google.com/privacy
43,https://play.google.com/?hl=de&tab=w8,https://myaccount.google.com/termsofservice
44,https://play.google.com/?hl=de&tab=w8,https://play.google.com/store/apps
45,https://play.google.com/?hl=de&tab=w8,https://play.google.com/store/movies
46,https://play.google.com/?hl=de&tab=w8,https://play.google.com/store/books
47,https://play.google.com/?hl=de&tab=w8,https://play.google.com/store/apps/category/FAMILY
48,https://play.google.com/?hl=de&tab=w8,https://play.google.com/store/games?device=windows
49,https://play.google.com/?hl=de&tab=w8,https://play.google.com/store/games?device=phone
50,https://play.google.com/?hl=de&tab=w8,https://play.google.com/store/games?device=tablet
51,https://play.google.com/?hl=de&tab=w8,https://play.google.com/store/games?device=tv
52,https://play.google.com/?hl=de&tab=w8,https://play.google.com/store/games?device=chromebook
53,https://play.google.com/?hl=de&tab=w8,https://play.google.com/store/games?device=watch
54,https://play.google.com/?hl=de&tab=w8,https://play.google.com/store/apps/details?id=com.wb.goog.mk.rpg2021
55,https://play.google.com/?hl=de&tab=w8,https://play.google.com/store/apps/details?id=com.kitkagames.fallbuddies
56,https://play.google.com/?hl=de&tab=w8,https://play.google.com/store/apps/editorial?id=mc_apps_editorial_3p_nyt_connections_fcp
57,https://play.google.com/?hl=de&tab=w8,https://play.google.com/store/apps/details?id=com.nytimes.crossword
58,https://play.google.com/?hl=de&tab=w8,https://play.google.com/store/apps/editorial?id=mc_editorialevergreen_escape_with_your_wits_fcp
59,https://play.google.com/?hl=de&tab=w8,https://play.google.com/store/apps/editorial?id=mc_editorialevergreen_game_of_the_week_monster_hunter_now_fcp
60,https://play.google.com/?hl=de&tab=w8,https://play.google.com/store/apps/details?id=com.nianticlabs.monsterhunter
61,https://play.google.com/?hl=de&tab=w8,https://play.google.com/store/apps/editorial?id=mc_editorialevergreen_games_for_aspiring_game_developers_fcp
62,https://play.google.com/?hl=de&tab=w8,https://play.google.com/store/apps/editorial?id=mc_editorialevergreen_games_monthly_picks_november_2023_fcp
63,https://play.google.com/?hl=de&tab=w8,https://play.google.com/store/apps/editorial?id=mc_editorialevergreen_games_you_didnt_know_were_on_mobile_fcp
64,https://play.google.com/?hl=de&tab=w8,https://play.google.com/store/apps/editorial?id=mc_editorialmd_comic_book_games_for_scott_pilgrim_fans_fcp
65,https://play.google.com/?hl=de&tab=w8,https://play.google.com/store/apps/editorial?id=mc_editorialmd_games_to_play_during_holiday_travel_fcp
66,https://play.google.com/?hl=de&tab=w8,https://play.google.com/store/apps/editorial?id=mc_editorialmd_launchnontp_dungeon_hunter_6_fcp
67,https://play.google.com/?hl=de&tab=w8,https://play.google.com/store/apps/details?id=com.goatgames.dhs.gb.gp
68,https://play.google.com/?hl=de&tab=w8,https://play.google.com/store/apps/editorial?id=mc_editorialmd_marvel_games_fcp
69,https://play.google.com/?hl=de&tab=w8,https://play.google.com/store/apps/editorial?id=mc_editorialmd_prereg_warcraft_rumble_fcp
70,https://play.google.com/?hl=de&tab=w8,https://play.google.com/store/apps/details?id=com.blizzard.arc
71,https://play.google.com/?hl=de&tab=w8,https://play.google.com/store/apps/editorial?id=mc_editorialseasonal_autumn_games_fcp
72,https://play.google.com/?hl=de&tab=w8,https://play.google.com/store/apps/details?id=com.roblox.client
73,https://play.google.com/?hl=de&tab=w8,https://play.google.com/store/apps/details?id=com.wb.goog.got.conquest
74,https://play.google.com/?hl=de&tab=w8,https://play.google.com/store/apps/details?id=com.innersloth.spacemafia
75,https://play.google.com/?hl=de&tab=w8,https://play.google.com/store/apps/details?id=com.dts.freefireth
76,https://play.google.com/?hl=de&tab=w8,https://play.google.com/store/apps/details?id=com.nianticlabs.pokemongo
77,https://play.google.com/?hl=de&tab=w8,https://play.google.com/store/apps/details?id=com.activision.callofduty.shooter
78,https://play.google.com/?hl=de&tab=w8,https://play.google.com/store/apps/details?id=com.miniclip.eightballpool
79,https://play.google.com/?hl=de&tab=w8,https://play.google.com/store/apps/details?id=com.gameloft.android.ANMP.GloftA9HM
80,https://play.google.com/?hl=de&tab=w8,https://play.google.com/store/apps/details?id=com.supercell.clashroyale
81,https://play.google.com/?hl=de&tab=w8,https://play.google.com/store/apps/details?id=com.funtomic.matchmasters
82,https://play.google.com/?hl=de&tab=w8,https://play.google.com/store/apps/details?id=com.matteljv.uno
83,https://play.google.com/?hl=de&tab=w8,https://play.google.com/store/apps/details?id=com.tencent.ig
84,https://play.google.com/?hl=de&tab=w8,https://play.google.com/store/apps/details?id=com.supercell.clashofclans
85,https://play.google.com/?hl=de&tab=w8,https://play.google.com/store/apps/details?id=com.Neurononfire.SupremeDuelist
86,https://play.google.com/?hl=de&tab=w8,https://play.google.com/store/apps/details?id=com.topgamesinc.evony
87,https://play.google.com/?hl=de&tab=w8,https://play.google.com/store/apps/details?id=com.superplaystudios.dicedreams
88,https://play.google.com/?hl=de&tab=w8,https://play.google.com/store/apps/details?id=com.ea.gp.fifamobile
89,https://play.google.com/?hl=de&tab=w8,https://play.google.com/store/apps/details?id=com.sports.eightball.pool.rival
90,https://play.google.com/?hl=de&tab=w8,https://play.google.com/store/apps/details?id=com.mojang.minecraftpe
91,https://play.google.com/?hl=de&tab=w8,https://play.google.com/store/apps/details?id=com.igg.android.doomsdaylastsurvivors
92,https://play.google.com/?hl=de&tab=w8,https://play.google.com/store/apps/details?id=com.scopely.monopolygo
93,https://play.google.com/?hl=de&tab=w8,https://play.google.com/store/apps/details?id=com.kiloo.subwaysurf
94,https://play.google.com/?hl=de&tab=w8,https://play.google.com/store/apps/details?id=com.robtopx.geometryjumplite
95,https://play.google.com/?hl=de&tab=w8,https://play.google.com/store/apps/details?id=com.youmusic.magictiles
96,https://play.google.com/?hl=de&tab=w8,https://play.google.com/store/apps/details?id=com.tocaboca.tocalifeworld
97,https://play.google.com/?hl=de&tab=w8,https://play.google.com/store/apps/details?id=com.king.candycrushsaga
98,https://play.google.com/?hl=de&tab=w8,https://play.google.com/store/apps/details?id=com.peoplefun.wordcross
99,https://play.google.com/?hl=de&tab=w8,https://play.google.com/store/apps/details?id=com.outfit7.mytalkingtom2
100,https://play.google.com/?hl=de&tab=w8,https://play.google.com/store/apps/details?id=com.ea.gp.maddennfl21mobile
101,https://play.google.com/?hl=de&tab=w8,https://play.google.com/store/apps/details?id=com.outfit7.mytalkingangela2
102,https://play.google.com/?hl=de&tab=w8,https://play.google.com/store/apps/details?id=com.master.hotelmaster
103,https://play.google.com/?hl=de&tab=w8,https://play.google.com/store/apps/details?id=com.dreamgames.royalmatch
104,https://play.google.com/?hl=de&tab=w8,https://play.google.com/store/apps/eventdetails/4829257821670932295
105,https://play.google.com/?hl=de&tab=w8,https://play.google.com/store/apps/details?id=com.HoYoverse.hkrpgoversea
106,https://play.google.com/?hl=de&tab=w8,https://play.google.com/store/apps/eventdetails/4828839961039867749
107,https://play.google.com/?hl=de&tab=w8,https://play.google.com/store/apps/details?id=com.ea.game.starwarscapital_row
108,https://play.google.com/?hl=de&tab=w8,https://play.google.com/store/apps/eventdetails/4828485204992016924
109,https://play.google.com/?hl=de&tab=w8,https://play.google.com/store/apps/details?id=com.gameloft.android.ANMP.GloftDYHM
110,https://play.google.com/?hl=de&tab=w8,https://play.google.com/store/apps/eventdetails/4828059127829411568
111,https://play.google.com/?hl=de&tab=w8,https://play.google.com/store/apps/details?id=com.dodreams.driveahead
112,https://play.google.com/?hl=de&tab=w8,https://play.google.com/store/apps/eventdetails/4831292477696419212
113,https://play.google.com/?hl=de&tab=w8,https://play.google.com/store/apps/eventdetails/4828217823095267900
114,https://play.google.com/?hl=de&tab=w8,https://play.google.com/store/apps/details?id=com.wizards.mtga
115,https://play.google.com/?hl=de&tab=w8,https://play.google.com/store/apps/eventdetails/4830881155993708912
116,https://play.google.com/?hl=de&tab=w8,https://play.google.com/store/apps/details?id=com.bandainamcogames.dbzdokkanww
117,https://play.google.com/?hl=de&tab=w8,https://play.google.com/store/apps/eventdetails/4829336444270304892
118,https://play.google.com/?hl=de&tab=w8,https://play.google.com/store/apps/details?id=com.sinyee.babybus.careII
119,https://play.google.com/?hl=de&tab=w8,https://play.google.com/store/apps/details?id=com.moonactive.coinmaster
120,https://play.google.com/?hl=de&tab=w8,https://play.google.com/store/apps/details?id=com.easygames.race
121,https://play.google.com/?hl=de&tab=w8,https://play.google.com/store/apps/details?id=com.king.candycrushsodasaga
122,https://play.google.com/?hl=de&tab=w8,https://play.google.com/store/apps/details?id=com.newstargames.retrobowl
123,https://play.google.com/?hl=de&tab=w8,https://play.google.com/store/apps/details?id=com.pazugames.avatarworld
124,https://play.google.com/?hl=de&tab=w8,https://play.google.com/store/apps/details?id=com.bluepoch.m.en.reverse1999
125,https://play.google.com/?hl=de&tab=w8,https://play.google.com/store/apps/details?id=com.playrix.township
126,https://play.google.com/?hl=de&tab=w8,https://play.google.com/store/apps/details?id=com.budgestudios.googleplay.BlueyBLU
127,https://play.google.com/?hl=de&tab=w8,https://play.google.com/store/apps/details?id=com.paradyme.solarsmash
128,https://play.google.com/?hl=de&tab=w8,https://play.google.com/store/apps/details?id=com.tocaboca.tocakitchen2
129,https://play.google.com/?hl=de&tab=w8,https://play.google.com/store/apps/details?id=com.fungames.blockcraft
130,https://play.google.com/?hl=de&tab=w8,https://play.google.com/store/apps/details?id=com.vizorapps.klondike
131,https://play.google.com/?hl=de&tab=w8,https://play.google.com/store/apps/details?id=es.socialpoint.DragonCity
132,https://play.google.com/?hl=de&tab=w8,https://play.google.com/store/apps/details?id=com.MelsoftGames.FamilyIslandFarm
133,https://play.google.com/?hl=de&tab=w8,https://play.google.com/store/apps/details?id=com.ttterbagames.businesssimulator
134,https://play.google.com/?hl=de&tab=w8,https://play.google.com/store/apps/details?id=com.fluffyfairygames.idleminertycoon
135,https://play.google.com/?hl=de&tab=w8,https://play.google.com/store/apps/details?id=me.pou.app
136,https://play.google.com/?hl=de&tab=w8,https://play.google.com/store/apps/details?id=com.tutotoons.app.fluvsies.free
137,https://play.google.com/?hl=de&tab=w8,https://play.google.com/store/apps/details?id=com.idleants.game
138,https://play.google.com/?hl=de&tab=w8,https://play.google.com/store/apps/details?id=com.bigbluebubble.singingmonsters.full
139,https://play.google.com/?hl=de&tab=w8,https://play.google.com/store/apps/details?id=com.tiltingpoint.sbadventures
140,https://play.google.com/?hl=de&tab=w8,https://play.google.com/store/apps/details?id=com.iz.tizi.royal.princess.dollhouse.life.games.home.design.world.my.wonder.town
141,https://play.google.com/?hl=de&tab=w8,https://play.google.com/store/apps/details?id=com.n3twork.tetris
142,https://play.google.com/?hl=de&tab=w8,https://play.google.com/store/apps/details?id=com.easybrain.art.puzzle
143,https://play.google.com/?hl=de&tab=w8,https://play.google.com/about/play-pass
144,https://play.google.com/?hl=de&tab=w8,https://play.google.com/store/points/enroll
145,https://play.google.com/?hl=de&tab=w8,https://play.google.com/about/giftcards
146,https://play.google.com/?hl=de&tab=w8,https://play.google.com/redeem
147,https://play.google.com/?hl=de&tab=w8,https://support.google.com/googleplay/answer/134336
148,https://play.google.com/?hl=de&tab=w8,https://support.google.com/googleplay?p=pff_parentguide
149,https://play.google.com/?hl=de&tab=w8,https://support.google.com/googleplay/answer/7007852
150,https://play.google.com/?hl=de&tab=w8,https://play.google.com/intl/de_us/about/play-terms.html
151,https://play.google.com/?hl=de&tab=w8,https://support.google.com/googleplay/?p=about_play
152,https://play.google.com/?hl=de&tab=w8,http://developer.android.com/index.html
153,https://play.google.com/?hl=de&tab=w8,https://store.google.com/?playredirect=true
154,https://play.google.com/?hl=de&tab=w8,https://www.google.com/setprefdomain?prefdom=DE&prev=https://www.google.de/&sig=K_FBiEl0PLEuM8l4SvhcIuhjeHj6c%3D
155,https://www.youtube.com/?tab=w1,https://www.youtube.com/
156,https://www.youtube.com/?tab=w1,https://www.youtube.com/about/
157,https://www.youtube.com/?tab=w1,https://www.youtube.com/about/press/
158,https://www.youtube.com/?tab=w1,https://www.youtube.com/about/copyright/
159,https://www.youtube.com/?tab=w1,https://www.youtube.com/t/contact_us/
160,https://www.youtube.com/?tab=w1,https://www.youtube.com/creators/
161,https://www.youtube.com/?tab=w1,https://www.youtube.com/ads/
162,https://www.youtube.com/?tab=w1,https://developers.google.com/youtube
163,https://www.youtube.com/?tab=w1,https://www.youtube.com/t/impressum?hl=de&gl=DE
164,https://www.youtube.com/?tab=w1,https://support.google.com/youtube/contact/de_cancellation
165,https://www.youtube.com/?tab=w1,https://www.youtube.com/t/terms
166,https://www.youtube.com/?tab=w1,https://www.youtube.com/t/privacy
167,https://www.youtube.com/?tab=w1,https://www.youtube.com/about/policies/
168,https://www.youtube.com/?tab=w1,https://www.youtube.com/howyoutubeworks?utm_campaign=ytgen&utm_source=ythp&utm_medium=LeftNav&utm_content=txt&u=https%3A%2F%2Fwww.youtube.com%2Fhowyoutubeworks%3Futm_source%3Dythp%26utm_medium%3DLeftNav%26utm_campaign%3Dytgen
169,https://www.youtube.com/?tab=w1,https://www.youtube.com/new
170,https://www.youtube.com/?tab=w1,https://www.google.com/setprefdomain?prefdom=DE&prev=https://www.google.de/&sig=K_FBiEl0PLEuM8l4SvhcIuhjeHj6c%3D
171,https://news.google.com/?tab=wn,https://accounts.google.com/ServiceLogin?hl=en-US&continue=https://news.google.com/?tab%3Dwn&gae=cb-
172,https://news.google.com/?tab=wn,https://policies.google.com/technologies/cookies?hl=en-US&utm_source=ucb
173,https://news.google.com/?tab=wn,https://consent.google.com/dl?continue=https://news.google.com/?tab%3Dwn&gl=DE&hl=en-US&cm=2&pc=n&src=1
174,https://news.google.com/?tab=wn,https://policies.google.com/privacy?hl=en-US&utm_source=ucb
175,https://news.google.com/?tab=wn,https://policies.google.com/terms?hl=en-US&utm_source=ucb
176,https://news.google.com/?tab=wn,https://www.google.com/setprefdomain?prefdom=DE&prev=https://www.google.de/&sig=K_FBiEl0PLEuM8l4SvhcIuhjeHj6c%3D
177,https://mail.google.com/mail/?tab=wm,https://mail.google.com/signin/usernamerecovery?continue=https://mail.google.com/mail/u/0/?tab%3Dwm&dsh=S-468941559:1700342485784670&emr=1&flowEntry=ServiceLogin&flowName=WebLiteSignIn&followup=https://mail.google.com/mail/u/0/?tab%3Dwm&ifkv=AVQVeyy9RwLLT_g5DHuLjzee3V3_h4asW6tKviU6Ao2cBfSgci2efIJrzat3xs_DD2cSItHw8jdiXw&osid=1&service=mail
178,https://mail.google.com/mail/?tab=wm,https://support.google.com/accounts?p=signin_privatebrowsing&hl=en-US
179,https://mail.google.com/mail/?tab=wm,https://mail.google.com/SignUp?cc=DE&continue=https://mail.google.com/mail/u/0/?tab%3Dwm&dsh=S-468941559:1700342485784670&emr=1&flowEntry=ServiceLogin&flowName=WebLiteSignIn&followup=https://mail.google.com/mail/u/0/?tab%3Dwm&ifkv=AVQVeyy9RwLLT_g5DHuLjzee3V3_h4asW6tKviU6Ao2cBfSgci2efIJrzat3xs_DD2cSItHw8jdiXw&osid=1&service=mail
180,https://mail.google.com/mail/?tab=wm,https://support.google.com/accounts?hl=en-US&p=account_iph
181,https://mail.google.com/mail/?tab=wm,https://accounts.google.com/TOS?loc=DE&hl=en-US&privacy=true
182,https://mail.google.com/mail/?tab=wm,https://accounts.google.com/TOS?loc=DE&hl=en-US
183,https://mail.google.com/mail/?tab=wm,https://www.google.com/setprefdomain?prefdom=DE&prev=https://www.google.de/&sig=K_FBiEl0PLEuM8l4SvhcIuhjeHj6c%3D
184,https://drive.google.com/?tab=wo,https://drive.google.com/signin/usernamerecovery?continue=https://drive.google.com/?tab%3Dwo&dsh=S-1710331913:1700342486361864&emr=1&flowEntry=ServiceLogin&flowName=WebLiteSignIn&followup=https://drive.google.com/?tab%3Dwo&ifkv=AVQVeyzTeuxyjqtl0JT9aravKV8oRwfHRrEONYXsmKakNuTguMtqEGhk1ns6rqZm0xCueWDSXWTXaw&osid=1&service=wise
185,https://drive.google.com/?tab=wo,https://support.google.com/accounts?p=signin_privatebrowsing&hl=en-US
186,https://drive.google.com/?tab=wo,https://drive.google.com/SignUp?cc=DE&continue=https://drive.google.com/?tab%3Dwo&dsh=S-1710331913:1700342486361864&emr=1&flowEntry=ServiceLogin&flowName=WebLiteSignIn&followup=https://drive.google.com/?tab%3Dwo&ifkv=AVQVeyzTeuxyjqtl0JT9aravKV8oRwfHRrEONYXsmKakNuTguMtqEGhk1ns6rqZm0xCueWDSXWTXaw&osid=1&service=wise
187,https://drive.google.com/?tab=wo,https://support.google.com/accounts?hl=en-US&p=account_iph
188,https://drive.google.com/?tab=wo,https://accounts.google.com/TOS?loc=DE&hl=en-US&privacy=true
189,https://drive.google.com/?tab=wo,https://accounts.google.com/TOS?loc=DE&hl=en-US
190,https://drive.google.com/?tab=wo,https://www.google.com/setprefdomain?prefdom=DE&prev=https://www.google.de/&sig=K_FBiEl0PLEuM8l4SvhcIuhjeHj6c%3D
191,https://www.google.de/intl/de/about/products?tab=wh,https://www.google.de/intl/de/about/products?tab=wh#page-content
192,https://www.google.de/intl/de/about/products?tab=wh,https://www.google.de/intl/de/
193,https://www.google.de/intl/de/about/products?tab=wh,https://www.google.de/intl/de/google-in-germany/
194,https://www.google.de/intl/de/about/products?tab=wh,https://www.google.de/intl/de/products/
195,https://www.google.de/intl/de/about/products?tab=wh,https://www.google.de/intl/de/commitments/
196,https://www.google.de/intl/de/about/products?tab=wh,https://www.google.de/intl/de/stories/
197,https://www.google.de/intl/de/about/products?tab=wh,https://support.google.com/
198,https://www.google.de/intl/de/about/products?tab=wh,https://www.google.de/intl/de/about/products?tab=wh#all-products
199,https://www.google.de/intl/de/about/products?tab=wh,https://workspace.google.com/blog/product-announcements/generative-ai
200,https://www.google.de/intl/de/about/products?tab=wh,https://safety.google/?utm_medium=contextualpromo&utm_source=google&utm_campaign=swg2021&utm_content=utm%20for%20about.google%20productspage
201,https://www.google.de/intl/de/about/products?tab=wh,https://safety.google/products/?utm_medium=contextualpromo&utm_source=google&utm_campaign=swg2021&utm_content=utm%20for%20about.google%20productspage/#search
202,https://www.google.de/intl/de/about/products?tab=wh,https://safety.google/products?utm_medium=contextualpromo&utm_source=google&utm_campaign=swg2021&utm_content=utm%20for%20about.google%20productspage/#gmail
203,https://www.google.de/intl/de/about/products?tab=wh,https://safety.google/products/?utm_medium=contextualpromo&utm_source=google&utm_campaign=swg2021&utm_content=utm%20for%20about.google%20productspage#chrome
204,https://www.google.de/intl/de/about/products?tab=wh,https://safety.google/products/?utm_medium=contextualpromo&utm_source=google&utm_campaign=swg2021&utm_content=utm%20for%20about.google%20productspage
205,https://www.google.de/intl/de/about/products?tab=wh,https://edu.google.com/
206,https://www.google.de/intl/de/about/products?tab=wh,https://edu.google.com/why-google/k-12-solutions/
207,https://www.google.de/intl/de/about/products?tab=wh,https://edu.google.com/products/workspace-for-education/
208,https://www.google.de/intl/de/about/products?tab=wh,https://edu.google.com/products/classroom/
209,https://www.google.de/intl/de/about/products?tab=wh,https://edu.google.com/products/chromebooks/
210,https://www.google.de/intl/de/about/products?tab=wh,https://edu.google.com/products/meet/
211,https://www.google.de/intl/de/about/products?tab=wh,https://www.android.com/intl/en_us/
212,https://www.google.de/intl/de/about/products?tab=wh,https://www.android.com/intl/en_us/auto/
213,https://www.google.de/intl/de/about/products?tab=wh,https://www.android.com/tv/
214,https://www.google.de/intl/de/about/products?tab=wh,https://built-in.google/cars/
215,https://www.google.de/intl/de/about/products?tab=wh,https://bard.google.com/?utm_source=googledevs&utm_medium=owned&utm_campaign=about-allproducts
216,https://www.google.de/intl/de/about/products?tab=wh,https://www.google.com/chrome/
217,https://www.google.de/intl/de/about/products?tab=wh,https://chrome.google.com/webstore/category/apps
218,https://www.google.de/intl/de/about/products?tab=wh,https://www.google.com/chromebook/
219,https://www.google.de/intl/de/about/products?tab=wh,https://store.google.com/product/chromecast
220,https://www.google.de/intl/de/about/products?tab=wh,https://www.google.com/docs/about/?utm_source=gaboutpage&utm_medium=docslink&utm_campaign=gabout
221,https://www.google.de/intl/de/about/products?tab=wh,https://www.google.com/drive/
222,https://www.google.de/intl/de/about/products?tab=wh,https://www.google.com/earth/
223,https://www.google.de/intl/de/about/products?tab=wh,https://www.google.com/covid19/exposurenotifications/
224,https://www.google.de/intl/de/about/products?tab=wh,https://www.google.com/photos/about
225,https://www.google.de/intl/de/about/products?tab=wh,https://play.google.com/store/apps/details?id=com.google.android.inputmethod.latin
226,https://www.google.de/intl/de/about/products?tab=wh,https://www.gmail.com/intl/en_us/mail/help/about.html
227,https://www.google.de/intl/de/about/products?tab=wh,https://www.google.com/alerts
228,https://www.google.de/intl/de/about/products?tab=wh,https://artsandculture.google.com/?utm_medium=referral&utm_source=about.google
229,https://www.google.de/intl/de/about/products?tab=wh,https://assistant.google.com/
230,https://www.google.de/intl/de/about/products?tab=wh,https://www.google.com/cast/
231,https://www.google.de/intl/de/about/products?tab=wh,https://gsuite.google.com/products/chat/
232,https://www.google.de/intl/de/about/products?tab=wh,https://edu.google.com/workspace-for-education/classroom/
233,https://www.google.de/intl/de/about/products?tab=wh,https://www.google.com/cloudprint/learn/index.html
234,https://www.google.de/intl/de/about/products?tab=wh,https://www.google.co.in/edu/expeditions/
235,https://www.google.de/intl/de/about/products?tab=wh,https://www.google.com/express/
236,https://www.google.de/intl/de/about/products?tab=wh,https://www.google.com/finance
237,https://www.google.de/intl/de/about/products?tab=wh,https://play.google.com/store/apps/details?id=com.google.android.apps.fitness&hl=en
238,https://www.google.de/intl/de/about/products?tab=wh,https://www.google.com/flights
239,https://www.google.de/intl/de/about/products?tab=wh,https://www.google.com/fonts
240,https://www.google.de/intl/de/about/products?tab=wh,https://www.google.com/forms/about/?utm_source=gaboutpage&utm_medium=formslink&utm_campaign=gabout
241,https://www.google.de/intl/de/about/products?tab=wh,https://groups.google.com
242,https://www.google.de/intl/de/about/products?tab=wh,https://www.google.com/inputtools/
243,https://www.google.de/intl/de/about/products?tab=wh,https://play.google.com/store/apps/details?id=com.google.android.contacts
244,https://www.google.de/intl/de/about/products?tab=wh,https://www.google.com/maps/about/
245,https://www.google.de/intl/de/about/products?tab=wh,https://gsuite.google.com/products/meet/
246,https://www.google.de/intl/de/about/products?tab=wh,https://news.google.com/
247,https://www.google.de/intl/de/about/products?tab=wh,https://one.google.com
248,https://www.google.de/intl/de/about/products?tab=wh,https://pay.google.com/about/
249,https://www.google.de/intl/de/about/products?tab=wh,https://play.google.com/store?hl=en
250,https://www.google.de/intl/de/about/products?tab=wh,https://play.google.com/store/apps/details?id=com.google.android.apps.books&e=-EnableAppDetailsPageRedesign
251,https://www.google.de/intl/de/about/products?tab=wh,https://support.google.com/googleplay/answer/4512465
252,https://www.google.de/intl/de/about/products?tab=wh,https://play.google.com/store/apps/details?id=com.google.android.play.games&hl=en
253,https://www.google.de/intl/de/about/products?tab=wh,https://scholar.google.com/intl/en-US/scholar/about.html
254,https://www.google.de/intl/de/about/products?tab=wh,https://shopping.google.com/u/0/
255,https://www.google.de/intl/de/about/products?tab=wh,https://sites.google.com/new
256,https://www.google.de/intl/de/about/products?tab=wh,https://store.google.com/regionpicker/
257,https://www.google.de/intl/de/about/products?tab=wh,https://tv.google/
258,https://www.google.de/intl/de/about/products?tab=wh,https://wallet.google/
259,https://www.google.de/intl/de/about/products?tab=wh,https://www.google.com/search/about/
260,https://www.google.de/intl/de/about/products?tab=wh,https://www.google.com/calendar/about/
261,https://www.google.de/intl/de/about/products?tab=wh,https://lens.google.com/
262,https://www.google.de/intl/de/about/products?tab=wh,https://messages.google.com/
263,https://www.google.de/intl/de/about/products?tab=wh,https://store.google.com/category/connected_home
264,https://www.google.de/intl/de/about/products?tab=wh,https://store.google.com/product/nest_wifi
265,https://www.google.de/intl/de/about/products?tab=wh,https://www.google.com/keep/
266,https://www.google.de/intl/de/about/products?tab=wh,https://store.google.com/category/phones
267,https://www.google.de/intl/de/about/products?tab=wh,https://www.android.com/intl/de_de/play-protect/
268,https://www.google.de/intl/de/about/products?tab=wh,https://podcasts.google.com/
269,https://www.google.de/intl/de/about/products?tab=wh,https://www.google.com/slides/about/?utm_source=gaboutpage&utm_medium=slideslink&utm_campaign=gabout
270,https://www.google.de/intl/de/about/products?tab=wh,https://www.google.com/sheets/about/?utm_source=gaboutpage&utm_medium=sheetslink&utm_campaign=gabout
271,https://www.google.de/intl/de/about/products?tab=wh,https://www.tiltbrush.com/
272,https://www.google.de/intl/de/about/products?tab=wh,https://www.google.com/travel/
273,https://www.google.de/intl/de/about/products?tab=wh,https://translate.google.com/about
274,https://www.google.de/intl/de/about/products?tab=wh,https://voice.google.com/
275,https://www.google.de/intl/de/about/products?tab=wh,https://www.waze.com/
276,https://www.google.de/intl/de/about/products?tab=wh,https://wearos.google.com/
277,https://www.google.de/intl/de/about/products?tab=wh,https://www.youtube.com/yt/about/
278,https://www.google.de/intl/de/about/products?tab=wh,https://youtube-global.blogspot.com/2015/02/youtube-kids.html
279,https://www.google.de/intl/de/about/products?tab=wh,https://www.youtube.com/musicpremium
280,https://www.google.de/intl/de/about/products?tab=wh,https://tv.youtube.com/?utm_source=gaboutpage&utm_medium=youtubetv&utm_campaign=gabout
281,https://www.google.de/intl/de/about/products?tab=wh,https://chrome.google.com/webstore/detail/google-drawings/mkaakpdehdafacodkgkpghoibnmamcme?hl=en-US
282,https://www.google.de/intl/de/about/products?tab=wh,https://www.google.com/admob/?utm_source=internal&utm_medium=et&utm_term=goo.gl%2FPZaclC&utm_content=midpage&utm_campaign=googlehome%26producticon
283,https://www.google.de/intl/de/about/products?tab=wh,https://www.google.com/adsense/start/?utm_source=internal&utm_medium=et&utm_campaign=app_switcher_ev_mr&utm_content=learn_more
284,https://www.google.de/intl/de/about/products?tab=wh,https://www.google.com/analytics/?utm_medium=referral-internal&utm_source=google-products&utm_campaign=product-cross-promo&utm_content=analytics-icon
285,https://www.google.de/intl/de/about/products?tab=wh,https://enterprise.google.com/android/
286,https://www.google.de/intl/de/about/products?tab=wh,https://www.google.com/retail/local-inventory-ads/
287,https://www.google.de/intl/de/about/products?tab=wh,https://www.blogger.com/features
288,https://www.google.de/intl/de/about/products?tab=wh,https://businessmessages.google
289,https://www.google.de/intl/de/about/products?tab=wh,https://chromeenterprise.google
290,https://www.google.de/intl/de/about/products?tab=wh,https://admanager.google.com/home/
291,https://www.google.de/intl/de/about/products?tab=wh,https://ads.google.com/home/?subid=ww-ww-et-g-aw-a-about_products_1-redlmo2!
292,https://www.google.de/intl/de/about/products?tab=wh,https://assistant.google.com/business/
293,https://www.google.de/intl/de/about/products?tab=wh,https://cloud.google.com/
294,https://www.google.de/intl/de/about/products?tab=wh,https://learndigital.withgoogle.com/digitalworkshop?utm_source=Engagement&utm_medium=ep&utm_term=ep&utm_content=DE_EP_PP&utm_campaign=Q2_2017_EP_ProductPage
295,https://www.google.de/intl/de/about/products?tab=wh,https://enterprise.google.com/search/
296,https://www.google.de/intl/de/about/products?tab=wh,https://www.google.com/retail/solutions/manufacturer-center/
297,https://www.google.de/intl/de/about/products?tab=wh,https://enterprise.google.com/maps/products/mapsapi.html
298,https://www.google.de/intl/de/about/products?tab=wh,https://marketingplatform.google.com/
299,https://www.google.de/intl/de/about/products?tab=wh,https://www.google.com/retail/merchant-center/
300,https://www.google.de/intl/de/about/products?tab=wh,https://podcastsmanager.google.com/
301,https://www.google.de/intl/de/about/products?tab=wh,https://www.google.com/retail/shopping-campaigns/
302,https://www.google.de/intl/de/about/products?tab=wh,https://www.google.com/trends/
303,https://www.google.de/intl/de/about/products?tab=wh,https://www.google.com/webdesigner/
304,https://www.google.de/intl/de/about/products?tab=wh,https://workspace.google.com/
305,https://www.google.de/intl/de/about/products?tab=wh,https://www.google.com/webmasters/tools/home?hl=en
306,https://www.google.de/intl/de/about/products?tab=wh,https://www.google.com/tagmanager/
307,https://www.google.de/intl/de/about/products?tab=wh,https://business.google.com/?service=plus&hl=en&ppsrc=GMBB0&utm_source=gmb&gmbsrc=ww-ww-et-gs-z-gmb-s-z-h~pro-z-u
308,https://www.google.de/intl/de/about/products?tab=wh,https://biz.waze.com/
309,https://www.google.de/intl/de/about/products?tab=wh,https://developers.google.com/business-communications/business-messages/guides
310,https://www.google.de/intl/de/about/products?tab=wh,https://developers.google.com/products/?hl=de
311,https://www.google.de/intl/de/about/products?tab=wh,https://instagram.com/google/
312,https://www.google.de/intl/de/about/products?tab=wh,https://www.youtube.com/user/GoogleDeutschland
313,https://www.google.de/intl/de/about/products?tab=wh,https://twitter.com/googlede
314,https://www.google.de/intl/de/about/products?tab=wh,https://www.facebook.com/Google
315,https://www.google.de/intl/de/about/products?tab=wh,https://www.linkedin.com/company/google
316,https://www.google.de/intl/de/about/products?tab=wh,https://www.google.de/intl/de/contact-google/
317,https://www.google.de/intl/de/about/products?tab=wh,https://abc.xyz/investor/
318,https://www.google.de/intl/de/about/products?tab=wh,https://careers.google.com/
319,https://www.google.de/intl/de/about/products?tab=wh,https://www.google.de/intl/de/locations/
320,https://www.google.de/intl/de/about/products?tab=wh,https://germany.googleblog.com/
321,https://www.google.de/intl/de/about/products?tab=wh,https://www.thinkwithgoogle.com/intl/de-de/
322,https://www.google.de/intl/de/about/products?tab=wh,https://transparency.google
323,https://www.google.de/intl/de/about/products?tab=wh,https://www.blog.google/press/
324,https://www.google.de/intl/de/about/products?tab=wh,https://www.google.com/permissions/
325,https://www.google.de/intl/de/about/products?tab=wh,https://www.google.com/about/appsecurity/
326,https://www.google.de/intl/de/about/products?tab=wh,https://www.google.com/about/software-principles.html
327,https://www.google.de/intl/de/about/products?tab=wh,https://www.google.com/about/unwanted-software-policy.html
328,https://www.google.de/intl/de/about/products?tab=wh,https://www.google.com/about/responsible-supply-chain/
329,https://www.google.de/intl/de/about/products?tab=wh,https://www.google.de/intl/de/extended-workforce/
330,https://www.google.de/intl/de/about/products?tab=wh,https://www.google.de/intl/de/community-guidelines/
331,https://www.google.de/intl/de/about/products?tab=wh,https://www.google.de/intl/de/how-our-business-works/
332,https://www.google.de/intl/de/about/products?tab=wh,https://www.google.org
333,https://www.google.de/intl/de/about/products?tab=wh,https://sustainability.google
334,https://www.google.de/intl/de/about/products?tab=wh,https://crisisresponse.google/
335,https://www.google.de/intl/de/about/products?tab=wh,https://www.google.com/diversity/
336,https://www.google.de/intl/de/about/products?tab=wh,https://www.google.com/accessibility/#_ga=2.228484575.374488620.1516971540-1024150191.1516178647
337,https://www.google.de/intl/de/about/products?tab=wh,https://transparencyreport.google.com/#_ga=2.228484575.374488620.1516971540-1024150191.1516178647
338,https://www.google.de/intl/de/about/products?tab=wh,https://wellbeing.google
339,https://www.google.de/intl/de/about/products?tab=wh,https://safety.google/
340,https://www.google.de/intl/de/about/products?tab=wh,https://www.google.de/intl/de/google-safety-engineering-center/
341,https://www.google.de/intl/de/about/products?tab=wh,https://www.google.de/intl/de/human-rights/
342,https://www.google.de/intl/de/about/products?tab=wh,https://support.google.com?hl=ALL
343,https://www.google.de/intl/de/about/products?tab=wh,https://www.google.com/policies/privacy/
344,https://www.google.de/intl/de/about/products?tab=wh,https://www.google.com/policies/terms/
345,https://www.google.de/intl/de/about/products?tab=wh,https://www.google.de/contact/impressum.html
346,https://www.google.de/intl/de/about/products?tab=wh,https://www.google.com/advanced_search?hl=de&authuser=0
347,https://www.google.de/intl/de/about/products?tab=wh,https://www.google.com/setprefdomain?prefdom=DE&prev=https://www.google.de/&sig=K_FBiEl0PLEuM8l4SvhcIuhjeHj6c%3D
348,http://www.google.de/history/optout?hl=de,http://www.google.de/
349,http://www.google.de/history/optout?hl=de,https://www.google.de/intl/de/about/products
350,http://www.google.de/history/optout?hl=de,https://accounts.google.com/ServiceLogin?passive=1209600&continue=https://www.google.de/history/optout?hl%3Dde%26nzb%3D1&followup=https://www.google.de/history/optout?hl%3Dde%26nzb%3D1&hl=de&ec=GAZAjQI
351,http://www.google.de/history/optout?hl=de,https://consent.google.de/d?continue=https://www.google.de/history/optout?hl%3Dde%26nzb%3D1&gl=DE&m=0&pc=sc&uxe=eomt&cm=5&hl=de&src=4
352,http://www.google.de/history/optout?hl=de,https://accounts.google.com/login?hl=de
353,http://www.google.de/history/optout?hl=de,https://www.google.com/setprefdomain?prefdom=DE&prev=https://www.google.de/&sig=K_FBiEl0PLEuM8l4SvhcIuhjeHj6c%3D
354,https://www.google.com/preferences?hl=de,https://support.google.com/accounts/answer/61416?hl=de
355,https://www.google.com/preferences?hl=de,https://www.google.com/url?q=https://myactivity.google.com/product/search/controls%3Futm_source%3Dgoogle%26utm_medium%3Dpref-page%26hl%3Dde%26authuser%3D0&opi=89978449&sa=U&ved=0ahUKEwjc3eSvvc6CAxVS_rsIHeQrCtQQ7JsICAE&usg=AOvVaw27QDIaV3FfHCGAFouSu-hl
356,https://www.google.com/preferences?hl=de,https://www.google.com/url?q=/setting/search/privateresults%3Fhl%3Dde%26authuser%3D0&opi=89978449&sa=U&ved=0ahUKEwjc3eSvvc6CAxVS_rsIHeQrCtQQ-vUJCAI&usg=AOvVaw2fgAr4AeOirc2WFILufeuB
357,https://www.google.com/preferences?hl=de,https://www.google.com/url?q=/safesearch%3Fhl%3Dde%26prev%3Dhttps://www.google.com/preferences%3Fhl%253Dde&opi=89978449&sa=U&ved=0ahUKEwjc3eSvvc6CAxVS_rsIHeQrCtQQ1fMKCAM&usg=AOvVaw15HzrcphxRpvr2FVmEunqK
358,https://www.google.com/preferences?hl=de,https://support.google.com/websearch/?p=display_language&utm_source=google&utm_medium=pref-page&hl=de
359,https://www.google.com/preferences?hl=de,https://www.google.com/url?q=https://support.google.com/websearch/%3Fp%3Dws_results_help%26hl%3Dde%26fg%3D1&opi=89978449&sa=U&ved=0ahUKEwjc3eSvvc6CAxVS_rsIHeQrCtQQ8KwCCAg&usg=AOvVaw2VRKCb27caEwa1T17TERmB
360,https://www.google.com/preferences?hl=de,https://www.google.com/url?q=https://policies.google.com/privacy%3Fhl%3Dde%26fg%3D1&opi=89978449&sa=U&ved=0ahUKEwjc3eSvvc6CAxVS_rsIHeQrCtQQ8awCCAk&usg=AOvVaw1PLMfMIddN-Jbj5QbzWZRS
361,https://www.google.com/preferences?hl=de,https://www.google.com/url?q=https://policies.google.com/terms%3Fhl%3Dde%26fg%3D1&opi=89978449&sa=U&ved=0ahUKEwjc3eSvvc6CAxVS_rsIHeQrCtQQ8qwCCAo&usg=AOvVaw088-vUOClrI8YMOZIUCb5x
362,https://www.google.com/preferences?hl=de,https://www.google.com/advanced_search?hl=de&authuser=0
363,https://www.google.com/preferences?hl=de,https://www.google.com/setprefdomain?prefdom=DE&prev=https://www.google.de/&sig=K_FBiEl0PLEuM8l4SvhcIuhjeHj6c%3D
364,https://accounts.google.com/ServiceLogin?hl=de&passive=true&continue=https://www.google.com/&ec=GAZAAQ,https://accounts.google.com/signin/usernamerecovery?continue=https://www.google.com/&dsh=S-66587115:1700342487936374&ec=GAZAAQ&flowEntry=ServiceLogin&flowName=WebLiteSignIn&hl=de&ifkv=AVQVeyxqVxZCna1p5zz2vHcW1sSitTR8esCyBVJpXCEGvj-rWkxsCsEowlaQpmbFfSbbw7sX3zTFMA
365,https://accounts.google.com/ServiceLogin?hl=de&passive=true&continue=https://www.google.com/&ec=GAZAAQ,https://support.google.com/accounts?p=signin_privatebrowsing&hl=de
366,https://accounts.google.com/ServiceLogin?hl=de&passive=true&continue=https://www.google.com/&ec=GAZAAQ,https://accounts.google.com/SignUp?cc=DE&continue=https://www.google.com/&dsh=S-66587115:1700342487936374&ec=GAZAAQ&flowEntry=ServiceLogin&flowName=WebLiteSignIn&hl=de&ifkv=AVQVeyxqVxZCna1p5zz2vHcW1sSitTR8esCyBVJpXCEGvj-rWkxsCsEowlaQpmbFfSbbw7sX3zTFMA
367,https://accounts.google.com/ServiceLogin?hl=de&passive=true&continue=https://www.google.com/&ec=GAZAAQ,https://support.google.com/accounts?hl=de&p=account_iph
368,https://accounts.google.com/ServiceLogin?hl=de&passive=true&continue=https://www.google.com/&ec=GAZAAQ,https://accounts.google.com/TOS?loc=DE&hl=de&privacy=true
369,https://accounts.google.com/ServiceLogin?hl=de&passive=true&continue=https://www.google.com/&ec=GAZAAQ,https://accounts.google.com/TOS?loc=DE&hl=de
370,https://www.google.com/advanced_search?hl=de&authuser=0,https://www.google.com/webhp?tab=ww
371,https://www.google.com/advanced_search?hl=de&authuser=0,https://accounts.google.com/ServiceLogin?hl=de&passive=true&continue=https://www.google.com/advanced_search%3Fhl%3Dde%26authuser%3D0&ec=GAZAAQ
372,https://www.google.com/advanced_search?hl=de&authuser=0,https://support.google.com/websearch?p=ws_images_usagerights&hl=de
373,https://www.google.com/advanced_search?hl=de&authuser=0,https://support.google.com/websearch?p=adv_pages_similar&hl=de
374,https://www.google.com/advanced_search?hl=de&authuser=0,https://support.google.com/websearch?p=adv_pages_visited&hl=de
375,https://www.google.com/advanced_search?hl=de&authuser=0,https://support.google.com/websearch?p=adv_operators&hl=de
376,https://www.google.com/advanced_search?hl=de&authuser=0,https://www.google.com/url?q=https://support.google.com/websearch/%3Fp%3Dws_results_help%26hl%3Dde%26fg%3D1&opi=89978449&sa=U&ved=0ahUKEwiL2Iuwvc6CAxUOgP0HHdYdCxIQ8KwCCAI&usg=AOvVaw03Ifq_Q_9Q4pL-_a6uUtaS
377,https://www.google.com/advanced_search?hl=de&authuser=0,https://www.google.com/url?q=https://policies.google.com/privacy%3Fhl%3Dde%26fg%3D1&opi=89978449&sa=U&ved=0ahUKEwiL2Iuwvc6CAxUOgP0HHdYdCxIQ8awCCAM&usg=AOvVaw1mjrJytU3PZcDSccEo9lUM
378,https://www.google.com/advanced_search?hl=de&authuser=0,https://www.google.com/url?q=https://policies.google.com/terms%3Fhl%3Dde%26fg%3D1&opi=89978449&sa=U&ved=0ahUKEwiL2Iuwvc6CAxUOgP0HHdYdCxIQ8qwCCAQ&usg=AOvVaw3Opdvx_L8FItQ0kMXBpQKc
379,https://www.google.com/advanced_search?hl=de&authuser=0,https://www.google.com/setprefdomain?prefdom=DE&prev=https://www.google.de/&sig=K_FBiEl0PLEuM8l4SvhcIuhjeHj6c%3D
380,https://www.google.com/intl/de/ads/,https://www.google.com/intl/de/ads/#main-page-content
381,https://www.google.com/intl/de/ads/,https://www.google.com/intl/de/home/
382,https://www.google.com/intl/de/ads/,https://myaccount.google.com/
383,https://www.google.com/intl/de/ads/,https://accounts.google.com/Logout
384,https://www.google.com/intl/de/ads/,https://policies.google.com/privacy
385,https://www.google.com/intl/de/ads/,https://myaccount.google.com/termsofservice
386,https://www.google.com/intl/de/ads/,https://ads.google.com/nav/selectaccount?dst=/aw/campaigns/new/express&subid=ww-ww-awhp-g-aw-{device}-home-sso!o2
387,https://www.google.com/intl/de/ads/,https://ads.google.com/nav/login?subid=ww-ww-awhp-g-aw-{device}-home-signin!o2
388,https://www.google.com/intl/de/ads/,https://ads.google.com/signup?subid=ww-ww-awhp-g-aw-{device}-home-top!o2
389,https://www.google.com/intl/de/ads/,https://www.google.com/intl/de/home/goals/
390,https://www.google.com/intl/de/ads/,https://www.google.com/intl/de/ads/
391,https://www.google.com/intl/de/ads/,https://www.google.com/intl/de/home/campaigns/search-ads/
392,https://www.google.com/intl/de/ads/,https://www.google.com/intl/de/home/campaigns/performance-max/
393,https://www.google.com/intl/de/ads/,https://www.google.com/intl/de/home/campaigns/display-ads/
394,https://www.google.com/intl/de/ads/,https://www.google.com/intl/de/home/campaigns/shopping-ads/
395,https://www.google.com/intl/de/ads/,https://www.google.com/intl/de/home/campaigns/video-ads/
396,https://www.google.com/intl/de/ads/,https://www.google.com/intl/de/home/campaigns/app-ads/
397,https://www.google.com/intl/de/ads/,https://www.google.com/intl/de/home/campaigns/smart-campaigns/
398,https://www.google.com/intl/de/ads/,https://www.google.com/intl/de/home/campaigns/demand-gen/
399,https://www.google.com/intl/de/ads/,https://www.google.com/intl/de/home/measurement/
400,https://www.google.com/intl/de/ads/,https://www.google.com/intl/de/home/measurement/conversion-tracking/
401,https://www.google.com/intl/de/ads/,https://www.google.com/intl/de/home/measurement/bidding/
402,https://www.google.com/intl/de/ads/,https://www.google.com/intl/de/home/campaigns/ai-powered-ad-solutions/
403,https://www.google.com/intl/de/ads/,https://www.google.com/intl/de/home/privacy/
404,https://www.google.com/intl/de/ads/,https://www.google.com/intl/de/home/tools/
405,https://www.google.com/intl/de/ads/,https://www.google.com/intl/de/home/tools/keyword-planner/
406,https://www.google.com/intl/de/ads/,https://www.google.com/intl/de/home/tools/manager-accounts/
407,https://www.google.com/intl/de/ads/,https://www.google.com/intl/de/home/tools/ads-editor/
408,https://www.google.com/intl/de/ads/,https://www.google.com/intl/de/home/tools/reach-planner/
409,https://www.google.com/intl/de/ads/,https://www.google.com/intl/de/home/tools/mobile-app/
410,https://www.google.com/intl/de/ads/,https://www.google.com/intl/de/home/tools/insights-finder/
411,https://www.google.com/intl/de/ads/,https://www.google.com/intl/de/home/tools/api/
412,https://www.google.com/intl/de/ads/,https://www.google.com/intl/de/home/tools/performance-planner/
413,https://www.google.com/intl/de/ads/,https://www.google.com/intl/de/home/tools/experiments/
414,https://www.google.com/intl/de/ads/,https://www.google.com/intl/de/home/tools/recommendations/
415,https://www.google.com/intl/de/ads/,https://www.google.com/intl/de/home/tools/audience-insights/
416,https://www.google.com/intl/de/ads/,https://www.google.com/intl/de/home/partners/work-with-a-partner/
417,https://www.google.com/intl/de/ads/,https://www.google.com/intl/de/home/partners/become-a-partner/
418,https://www.google.com/intl/de/ads/,https://www.google.com/intl/de/home/how-it-works/
419,https://www.google.com/intl/de/ads/,https://www.google.com/intl/de/home/growth-formula/
420,https://www.google.com/intl/de/ads/,https://ads.google.com/signup?subid=ww-ww-awhp-g-aw-{device}-home-flo!o2
421,https://www.google.com/intl/de/ads/,https://ads.google.com/signup?subid=ww-ww-awhp-g-aw-{device}-home-hero!o2
422,https://www.google.com/intl/de/ads/,https://www.google.com/intl/de/home/resources/?content-type=success_story
423,https://www.google.com/intl/de/ads/,https://blog.google/products/ads/
424,https://www.google.com/intl/de/ads/,https://twitter.com/googleads
425,https://www.google.com/intl/de/ads/,https://www.youtube.com/googleads
426,https://www.google.com/intl/de/ads/,https://www.facebook.com/GoogleAds/
427,https://www.google.com/intl/de/ads/,https://play.google.com/store/apps/details?id=com.google.android.apps.adwords&referrer=utm_source%3Dlandingpage%26utm_campaign%3Dmobileapplandingpage
428,https://www.google.com/intl/de/ads/,https://apps.apple.com/app/apple-store/id1037457231?pt=9008&ct=mobileapplandingpage&mt=8
429,https://www.google.com/intl/de/ads/,https://support.google.com/google-ads/answer/6146252?utm_medium=et&utm_campaign=en&utm_source=ww-ww-et-b2bfooter_adwords
430,https://www.google.com/intl/de/ads/,https://support.google.com/google-ads/#topic=10286612&utm_source=smb_marketing&utm_medium=referral&utm_campaign=uk-en-et-awhp-footer&utm_content=
431,https://www.google.com/intl/de/ads/,https://support.google.com/google-ads/announcements/9048695
432,https://www.google.com/intl/de/ads/,https://support.google.com/google-ads/community?ctx=lithium
433,https://www.google.com/intl/de/ads/,https://www.yourprimer.com/?utm_source=digital&utm_medium=embeddedpromo&utm_campaign=adwordsus
434,https://www.google.com/intl/de/ads/,https://developers.google.com/
435,https://www.google.com/intl/de/ads/,https://developers.google.com/google-ads/scripts/docs/start
436,https://www.google.com/intl/de/ads/,https://support.google.com/google-ads/answer/2476688
437,https://www.google.com/intl/de/ads/,https://marketingplatform.google.com/about/analytics/
438,https://www.google.com/intl/de/ads/,https://www.google.com/intl/en/retail/solutions/shopping-campaigns/
439,https://www.google.com/intl/de/ads/,https://ads.google.com/local-services-ads/
440,https://www.google.com/intl/de/ads/,https://www.google.com/intl/en/business/
441,https://www.google.com/intl/de/ads/,https://www.google.com/intl/en/chrome/
442,https://www.google.com/intl/de/ads/,https://waze.com/business/
443,https://www.google.com/intl/de/ads/,https://www.google.com/intl/en/services/
444,https://www.google.com/intl/de/ads/,https://workspace.google.com/intl/en/
445,https://www.google.com/intl/de/ads/,https://www.thinkwithgoogle.com/
446,https://www.google.com/intl/de/ads/,https://www.google.com/intl/en/adsense/start/
447,https://www.google.com/intl/de/ads/,https://admob.google.com/home/
448,https://www.google.com/intl/de/ads/,https://www.google.com
449,https://www.google.com/intl/de/ads/,https://policies.google.com/terms
450,https://www.google.com/intl/de/ads/,https://www.google.com/intl/en/about
451,https://www.google.com/intl/de/ads/,https://www.google.com/intl/en/about/products
452,https://www.google.com/intl/de/ads/,https://support.google.com/google-ads/
453,https://www.google.com/intl/de/ads/,https://www.google.com/setprefdomain?prefdom=DE&prev=https://www.google.de/&sig=K_FBiEl0PLEuM8l4SvhcIuhjeHj6c%3D
454,https://www.google.com/services/,https://smallbusiness.withgoogle.com/intl/de_de/?subid=de-de-et-g-awa-a-g_hpbfoot1_1!o2&utm_source=google&utm_medium=ep&utm_campaign=google_hpbfooter&utm_content=google_hpbfooter&gmbsrc=de-de-et-gs-z-gmb-s-z-u~sb-g4sb_srvcs-u
455,https://www.google.com/services/,https://www.google.com/setprefdomain?prefdom=DE&prev=https://www.google.de/&sig=K_FBiEl0PLEuM8l4SvhcIuhjeHj6c%3D
456,https://www.google.com/intl/de/about.html,https://www.google.com/intl/de/
457,https://www.google.com/intl/de/about.html,https://www.google.com/intl/de/about.html#page-content
458,https://www.google.com/intl/de/about.html,https://www.google.com/intl/de/google-in-germany/
459,https://www.google.com/intl/de/about.html,https://www.google.com/intl/de/products/
460,https://www.google.com/intl/de/about.html,https://www.google.com/intl/de/commitments/
461,https://www.google.com/intl/de/about.html,https://www.google.com/intl/de/stories/
462,https://www.google.com/intl/de/about.html,https://sustainability.google/intl/de/klimaschutz/?utm_source=klima&utm_medium=shortlink&utm_campaign=aufbruch
463,https://www.google.com/intl/de/about.html,https://support.google.com/
464,https://www.google.com/intl/de/about.html,https://store.google.com/category/phones?hl=de
465,https://www.google.com/intl/de/about.html,https://blog.google/intl/de-de/produkte/suchen-entdecken/kraftstoffsparende-routen-google-maps/
466,https://www.google.com/intl/de/about.html,https://blog.google/intl/de-de/unternehmen/engagement/black-founders-fund-gewinner-innen-2022/
467,https://www.google.com/intl/de/about.html,https://blog.google/intl/de-de/unternehmen/inside-google/annual-diversity-report-2021-emea/
468,https://www.google.com/intl/de/about.html,https://www.google.com/intl/de/stories/googlehde/
469,https://www.google.com/intl/de/about.html,https://www.google.com/intl/de/stories/neue-fragen/
470,https://www.google.com/intl/de/about.html,https://www.google.com/intl/de/stories/soundwaves/
471,https://www.google.com/intl/de/about.html,https://www.google.com/intl/de/stories/eyes/
472,https://www.google.com/intl/de/about.html,https://instagram.com/google/
473,https://www.google.com/intl/de/about.html,https://www.youtube.com/user/GoogleDeutschland
474,https://www.google.com/intl/de/about.html,https://twitter.com/googlede
475,https://www.google.com/intl/de/about.html,https://www.facebook.com/Google
476,https://www.google.com/intl/de/about.html,https://www.linkedin.com/company/google
477,https://www.google.com/intl/de/about.html,https://www.google.com/intl/de/contact-google/
478,https://www.google.com/intl/de/about.html,https://abc.xyz/investor/
479,https://www.google.com/intl/de/about.html,https://careers.google.com/
480,https://www.google.com/intl/de/about.html,https://www.google.com/intl/de/locations/
481,https://www.google.com/intl/de/about.html,https://germany.googleblog.com/
482,https://www.google.com/intl/de/about.html,https://www.thinkwithgoogle.com/intl/de-de/
483,https://www.google.com/intl/de/about.html,https://transparency.google
484,https://www.google.com/intl/de/about.html,https://www.blog.google/press/
485,https://www.google.com/intl/de/about.html,https://www.google.com/permissions/
486,https://www.google.com/intl/de/about.html,https://www.google.com/about/appsecurity/
487,https://www.google.com/intl/de/about.html,https://www.google.com/about/software-principles.html
488,https://www.google.com/intl/de/about.html,https://www.google.com/about/unwanted-software-policy.html
489,https://www.google.com/intl/de/about.html,https://www.google.com/about/responsible-supply-chain/
490,https://www.google.com/intl/de/about.html,https://www.google.com/intl/de/extended-workforce/
491,https://www.google.com/intl/de/about.html,https://www.google.com/intl/de/community-guidelines/
492,https://www.google.com/intl/de/about.html,https://www.google.com/intl/de/how-our-business-works/
493,https://www.google.com/intl/de/about.html,https://www.google.org
494,https://www.google.com/intl/de/about.html,https://sustainability.google
495,https://www.google.com/intl/de/about.html,https://crisisresponse.google/
496,https://www.google.com/intl/de/about.html,https://www.google.com/diversity/
497,https://www.google.com/intl/de/about.html,https://www.google.com/accessibility/#_ga=2.228484575.374488620.1516971540-1024150191.1516178647
498,https://www.google.com/intl/de/about.html,https://transparencyreport.google.com/#_ga=2.228484575.374488620.1516971540-1024150191.1516178647
499,https://www.google.com/intl/de/about.html,https://wellbeing.google
500,https://www.google.com/intl/de/about.html,https://safety.google/
501,https://www.google.com/intl/de/about.html,https://www.google.com/intl/de/google-safety-engineering-center/
502,https://www.google.com/intl/de/about.html,https://www.google.com/intl/de/human-rights/
503,https://www.google.com/intl/de/about.html,https://support.google.com?hl=ALL
504,https://www.google.com/intl/de/about.html,https://www.google.com/policies/privacy/
505,https://www.google.com/intl/de/about.html,https://www.google.com/policies/terms/
506,https://www.google.com/intl/de/about.html,https://www.google.de/contact/impressum.html
507,https://www.google.com/intl/de/about.html,https://www.google.com/setprefdomain?prefdom=DE&prev=https://www.google.de/&sig=K_FBiEl0PLEuM8l4SvhcIuhjeHj6c%3D
508,https://www.google.com/setprefdomain?prefdom=DE&prev=https://www.google.de/&sig=K_FBiEl0PLEuM8l4SvhcIuhjeHj6c%3D,https://www.google.de/imghp?hl=de&tab=wi
509,https://www.google.com/setprefdomain?prefdom=DE&prev=https://www.google.de/&sig=K_FBiEl0PLEuM8l4SvhcIuhjeHj6c%3D,https://accounts.google.com/ServiceLogin?hl=de&passive=true&continue=https://www.google.de/&ec=GAZAAQ
510,https://www.google.com/setprefdomain?prefdom=DE&prev=https://www.google.de/&sig=K_FBiEl0PLEuM8l4SvhcIuhjeHj6c%3D,https://www.google.de/setprefdomain?prefdom=US&sig=K_zbJjZ0admtSem5Y2Xj_K0Z4w8Cc%3D
511,https://www.google.com/setprefdomain?prefdom=DE&prev=https://www.google.de/&sig=K_FBiEl0PLEuM8l4SvhcIuhjeHj6c%3D,https://www.google.com/intl/de/policies/privacy/
512,https://www.google.com/setprefdomain?prefdom=DE&prev=https://www.google.de/&sig=K_FBiEl0PLEuM8l4SvhcIuhjeHj6c%3D,https://www.google.com/intl/de/policies/terms/
513,https://www.google.com/intl/de/policies/privacy/,https://policies.google.com/privacy?hl=de
514,https://www.google.com/intl/de/policies/terms/,https://policies.google.com/terms?hl=de
