sfid|label
a1Q2X00000XcAcwUAF|0.0
a1Q7R00000ZWGilUAH|0.0
a1Q2X00000XcXBUUA3|1.0
a1Q7R00000a3GGvUAM|0.0
a1Q7R00000ZWWU5UAP|0.0
a1Q7R00000a30hHUAQ|0.0
a1Q7R00000a2vjhUAA|0.0
a1Q7R00000a2koWUAQ|0.0
a1Q7R00000ZWJvQUAX|0.0
a1Q7R00000ZWPUxUAP|0.0
a1Q7R00000a3D3UUAU|0.0
a1Q7R00000a3HrsUAE|0.0
a1Q2X00000ZBRCnUAP|0.0
a1Q7R00000a2nuNUAQ|0.0
a1Q7R00000a38QiUAI|0.0
a1Q2X00000Z6k8GUAR|0.0
a1Q2X00000Z6pPwUAJ|0.0
a1Q7R00000a30KrUAI|0.0
a1Q7R00000a309jUAA|0.0
a1Q7R00000a32oKUAQ|0.0
a1Q7R00000a34lrUAA|0.0
a1Q7R00000ejU5IUAU|1.0
a1Q2X00000ZWCmjUAH|0.0
a1Q7R00000a36B7UAI|0.0
a1Q7R00000a2qtcUAA|0.0
a1Q7R00000a3B3wUAE|0.0
a1Q7R00000a3FHnUAM|0.0
a1Q7R00000a3CLIUA2|0.0
a1Q7R00000ZWRBNUA5|0.0
a1Q7R00000a39OYUAY|0.0
a1Q7R00000a3DLnUAM|0.0
a1Q2X00000ZEWauUAH|0.0
a1Q7R00000a2vjSUAQ|0.0
a1Q7R00000ZWNJEUA5|1.0
a1Q7R00000ZWR1rUAH|1.0
a1Q7R00000ZWU1zUAH|0.0
a1Q7R00000ZWWnMUAX|0.0
a1Q7R00000ZWWSnUAP|0.0
a1Q7R00000ZWX80UAH|0.0
a1Q2X00000XbtYnUAJ|0.0
a1Q2X00000ZEc1HUAT|1.0
a1Q2X00000ZEVtgUAH|0.0
a1Q2X00000ZEn4fUAD|0.0
a1Q2X00000ZEWFcUAP|0.0
a1Q7R00000ZWFTGUA5|0.0
a1Q2X00000ZEWthUAH|0.0
a1Q2X00000ZEWVVUA5|0.0
a1Q7R00000ZWO6kUAH|0.0
a1Q2X00000ZAVGJUA5|0.0
a1Q2X00000ZWCEhUAP|0.0
a1Q7R00000ZWFesUAH|0.0
a1Q7R00000ZWLWnUAP|0.0
a1Q2X00000XcSH4UAN|0.0
a1Q2X00000ZEWocUAH|0.0
a1Q2X00000ZWC0fUAH|0.0
a1Q7R00000ZWGdqUAH|0.0
a1Q7R00000ZWRvkUAH|0.0
a1Q7R00000ZWRzSUAX|0.0
a1Q2X00000XbgXKUAZ|0.0
a1Q2X00000XcBP9UAN|0.0
a1Q7R00000a32WkUAI|0.0
a1Q7R00000a37e5UAA|0.0
a1Q2X00000ZEZhPUAX|0.0
a1Q7R00000a30VaUAI|0.0
a1Q2X00000Z6nsVUAR|0.0
a1Q7R00000a3BLgUAM|0.0
a1Q7R00000eiNkBUAU|0.0
a1Q7R00000eiRvcUAE|0.0
a1Q7R00000eiodrUAA|0.0
a1Q7R00000eiS0NUAU|0.0
a1Q7R00000eiMiiUAE|0.0
a1Q7R00000eiWs4UAE|0.0
a1Q7R00000eirDcUAI|0.0
a1Q7R00000eidRuUAI|0.0
a1Q7R00000eieQEUAY|0.0
a1Q7R00000eiSv9UAE|0.0
a1Q7R00000eiwOuUAI|0.0
a1Q7R00000ein50UAA|0.0
a1Q7R00000eiiP0UAI|0.0
a1Q7R00000einCfUAI|0.0
a1Q7R00000eizyMUAQ|0.0
a1Q7R00000einu8UAA|0.0
a1Q7R00000eimTzUAI|0.0
a1Q7R00000eiu5WUAQ|0.0
a1Q7R00000eiwJBUAY|0.0
a1Q7R00000eiwalUAA|0.0
a1Q7R00000eiwiGUAQ|0.0
a1Q7R00000eis4CUAQ|0.0
a1Q7R00000ejLiGUAU|1.0
a1Q7R00000eizDGUAY|0.0
a1Q2X00000ZEcbjUAD|0.0
a1Q2X00000XcPg1UAF|0.0
a1Q2X00000ZEayqUAD|0.0
a1Q2X00000ZEYibUAH|0.0
a1Q7R00000ejCGwUAM|0.0
a1Q7R00000ejGcmUAE|0.0
a1Q7R00000ej7YWUAY|0.0
a1Q7R00000ejU79UAE|0.0
a1Q7R00000a2soPUAQ|0.0
a1Q7R00000ZWTpZUAX|0.0
a1Q2X00000ZBRlsUAH|0.0
a1Q7R00000aBC1GUAW|0.0
a1Q7R00000eiYw8UAE|0.0
a1Q2X00000Xbd2YUAR|0.0
a1Q2X00000ZEXjYUAX|0.0
a1Q2X00000ZEXp2UAH|0.0
a1Q7R00000a2kkjUAA|0.0
a1Q2X00000Xc0TeUAJ|0.0
a1Q2X00000ZAHcZUAX|0.0
a1Q7R00000a2mWPUAY|0.0
a1Q2X00000Xc6YyUAJ|0.0
a1Q7R00000ZWL4ZUAX|0.0
a1Q7R00000a2vwgUAA|0.0
a1Q7R00000a3IBJUA2|0.0
a1Q2X00000XbYXzUAN|0.0
a1Q7R00000a36IXUAY|0.0
a1Q7R00000a2mPsUAI|0.0
a1Q7R00000a31BWUAY|0.0
a1Q2X00000ZALHLUA5|0.0
a1Q7R00000a2s92UAA|0.0
a1Q7R00000a3HLNUA2|0.0
a1Q2X00000ZAVGOUA5|0.0
a1Q7R00000a2lsUUAQ|0.0
a1Q7R00000a2tPzUAI|0.0
a1Q7R00000a2y3oUAA|0.0
a1Q7R00000a3FNvUAM|0.0
a1Q7R00000a38vRUAQ|0.0
a1Q7R00000a3JYEUA2|0.0
a1Q7R00000a3DceUAE|0.0
a1Q7R00000ejE3pUAE|0.0
a1Q7R00000a2kNBUAY|0.0
a1Q7R00000a2mw3UAA|0.0
a1Q7R00000a35lTUAQ|0.0
a1Q7R00000a2zFlUAI|0.0
a1Q7R00000ZWEd1UAH|0.0
a1Q7R00000ZWTZlUAP|0.0
a1Q7R00000ZWUSHUA5|0.0
a1Q2X00000XcG8cUAF|0.0
a1Q2X00000ZBRxKUAX|1.0
a1Q2X00000ZEVyDUAX|0.0
a1Q2X00000ZEW4tUAH|0.0
a1Q2X00000Z98gpUAB|1.0
a1Q2X00000ZEmDxUAL|0.0
a1Q2X00000ZEo31UAD|0.0
a1Q7R00000ZWFRAUA5|0.0
a1Q7R00000ZWH0VUAX|0.0
a1Q7R00000ZWNuUUAX|0.0
a1Q7R00000ZWSBsUAP|0.0
a1Q2X00000Z9CCfUAN|0.0
a1Q2X00000ZEWLHUA5|0.0
a1Q2X00000ZEXsaUAH|0.0
a1Q2X00000ZEYAoUAP|0.0
a1Q7R00000ZWJoAUAX|0.0
a1Q2X00000Z98NdUAJ|0.0
a1Q2X00000Z9LhgUAF|0.0
a1Q2X00000ZWB2aUAH|0.0
a1Q2X00000ZWCWQUA5|1.0
a1Q7R00000ZWPtdUAH|0.0
a1Q2X00000ZWCcPUAX|0.0
a1Q7R00000a2qieUAA|0.0
a1Q7R00000a2zJdUAI|0.0
a1Q2X00000Z9EhZUAV|0.0
a1Q2X00000ZEVxxUAH|0.0
a1Q2X00000ZWBOvUAP|0.0
a1Q7R00000a2wxQUAQ|0.0
a1Q7R00000a37awUAA|0.0
a1Q7R00000a3A0wUAE|0.0
a1Q7R00000ZWEjwUAH|1.0
a1Q7R00000ZWRQcUAP|0.0
a1Q7R00000ZWSQ4UAP|0.0
a1Q7R00000ZWNRwUAP|0.0
a1Q7R00000a38JcUAI|0.0
a1Q7R00000eiOWPUA2|0.0
a1Q7R00000eioZVUAY|0.0
a1Q7R00000eiyGJUAY|0.0
a1Q7R00000eiRrfUAE|0.0
a1Q7R00000eiaPbUAI|0.0
a1Q7R00000eiSbxUAE|0.0
a1Q7R00000eiVQiUAM|0.0
a1Q7R00000eig29UAA|0.0
a1Q7R00000eifjlUAA|0.0
a1Q7R00000einpDUAQ|0.0
a1Q7R00000eiiQcUAI|0.0
a1Q7R00000eio7wUAA|0.0
a1Q7R00000eivlnUAA|0.0
a1Q7R00000eioJhUAI|0.0
a1Q7R00000eio93UAA|0.0
a1Q2X00000ZEjTUUA1|0.0
a1Q7R00000ej928UAA|0.0
a1Q7R00000ej5NvUAI|0.0
a1Q7R00000ejPBVUA2|0.0
a1Q7R00000ejSaTUAU|0.0
a1Q7R00000ejU8WUAU|0.0
a1Q7R00000a2tAaUAI|0.0
a1Q7R00000ZWQdMUAX|0.0
a1Q7R00000a2tqqUAA|0.0
a1Q7R00000a3GoiUAE|0.0
a1Q2X00000XcILsUAN|0.0
a1Q7R00000eidEqUAI|0.0
a1Q7R00000a39ACUAY|0.0
a1Q7R00000ZWRYbUAP|0.0
a1Q7R00000ZWQwGUAX|0.0
a1Q2X00000Z6pKWUAZ|0.0
a1Q2X00000Z8wxkUAB|1.0
a1Q7R00000a2k0CUAQ|0.0
a1Q7R00000a30YKUAY|0.0
a1Q7R00000a3EQyUAM|0.0
a1Q7R00000a2psdUAA|0.0
a1Q7R00000ejPG1UAM|0.0
a1Q7R00000a2q1pUAA|0.0
a1Q7R00000a2qANUAY|1.0
a1Q7R00000a3B7AUAU|0.0
a1Q7R00000a3ATZUA2|0.0
a1Q7R00000a3EBoUAM|0.0
a1Q7R00000a38eLUAQ|0.0
a1Q7R00000a2sDEUAY|0.0
a1Q2X00000ZElXOUA1|0.0
a1Q2X00000ZEW5cUAH|0.0
a1Q7R00000ej67PUAQ|0.0
a1Q7R00000a378dUAA|0.0
a1Q7R00000a3EOxUAM|0.0
a1Q7R00000a33eVUAQ|0.0
a1Q7R00000eiYboUAE|0.0
a1Q7R00000ZWHRlUAP|0.0
a1Q7R00000a3FCYUA2|0.0
a1Q7R00000aBDFTUA4|0.0
a1Q7R00000a2tNPUAY|0.0
a1Q7R00000a2yTmUAI|0.0
a1Q7R00000ZWGD4UAP|0.0
a1Q2X00000ZEWazUAH|0.0
a1Q2X00000ZEWP9UAP|0.0
a1Q2X00000ZEXPEUA5|0.0
a1Q2X00000ZEZ2gUAH|0.0
a1Q2X00000ZBR6GUAX|0.0
a1Q2X00000ZEcKOUA1|0.0
a1Q2X00000ZEWhHUAX|0.0
a1Q7R00000ZWKKpUAP|0.0
a1Q2X00000ZEXn6UAH|0.0
a1Q2X00000ZEYHQUA5|0.0
a1Q7R00000ZWFsLUAX|0.0
a1Q7R00000ZWRB3UAP|0.0
a1Q2X00000ZEWaSUAX|0.0
a1Q7R00000ZWMpJUAX|0.0
a1Q2X00000XbgZzUAJ|0.0
a1Q2X00000ZEaYsUAL|0.0
a1Q2X00000ZWCQ9UAP|1.0
a1Q2X00000ZWDiyUAH|0.0
a1Q7R00000ZWIqwUAH|0.0
a1Q2X00000ZEaDzUAL|0.0
a1Q2X00000ZWDNrUAP|0.0
a1Q2X00000Xbn0MUAR|1.0
a1Q7R00000a36jsUAA|0.0
a1Q2X00000ZEcXDUA1|0.0
a1Q7R00000a2v7PUAQ|0.0
a1Q7R00000a3Br8UAE|0.0
a1Q7R00000ZWGBNUA5|0.0
a1Q2X00000ZEZMvUAP|1.0
a1Q7R00000aBDVgUAO|0.0
a1Q7R00000a3CWuUAM|0.0
a1Q7R00000eiUMQUA2|0.0
a1Q7R00000eiUUyUAM|0.0
a1Q7R00000eiVQJUA2|0.0
a1Q7R00000eiVKkUAM|0.0
a1Q7R00000eiaxxUAA|0.0
a1Q7R00000eieCwUAI|0.0
a1Q7R00000eij6iUAA|0.0
a1Q7R00000eiqTPUAY|0.0
a1Q7R00000einHLUAY|0.0
a1Q7R00000eijYmUAI|0.0
a1Q7R00000eiYabUAE|0.0
a1Q7R00000ej7ejUAA|0.0
a1Q7R00000ejBTBUA2|0.0
a1Q7R00000eis9WUAQ|0.0
a1Q7R00000ej4jMUAQ|0.0
a1Q7R00000ej5F8UAI|0.0
a1Q7R00000ej3JmUAI|0.0
a1Q7R00000ej8MgUAI|0.0
a1Q2X00000ZBRnoUAH|0.0
a1Q2X00000Z8pArUAJ|0.0
a1Q7R00000ejPr2UAE|0.0
a1Q7R00000a3CGrUAM|0.0
a1Q7R00000ejPlEUAU|0.0
a1Q7R00000ZWHLYUA5|0.0
a1Q2X00000ZBD4IUAX|0.0
a1Q2X00000ZEXTHUA5|0.0
a1Q7R00000a2mpCUAQ|0.0
a1Q7R00000ZWKLsUAP|0.0
a1Q2X00000Xc4rwUAB|0.0
a1Q7R00000ZWKIzUAP|0.0
a1Q7R00000a3F58UAE|0.0
a1Q7R00000a2pDQUAY|0.0
a1Q2X00000Z6pRdUAJ|0.0
a1Q7R00000a2zuFUAQ|0.0
a1Q7R00000a35SlUAI|1.0
a1Q7R00000a3FgJUAU|0.0
a1Q7R00000a2qEoUAI|0.0
a1Q7R00000ej5WJUAY|0.0
a1Q7R00000ejLh8UAE|0.0
a1Q7R00000a2z3uUAA|0.0
a1Q7R00000a2yVTUAY|0.0
a1Q7R00000ejSENUA2|0.0
a1Q7R00000a3AHJUA2|0.0
a1Q7R00000a3HaNUAU|0.0
a1Q7R00000a3A1uUAE|0.0
a1Q7R00000a2rI8UAI|0.0
a1Q7R00000a3B5JUAU|0.0
a1Q2X00000ZEVcpUAH|0.0
a1Q2X00000ZEVlXUAX|0.0
a1Q2X00000ZEVjCUAX|0.0
a1Q7R00000a3DkYUAU|0.0
a1Q7R00000a3EfoUAE|0.0
a1Q7R00000a3IxSUAU|0.0
a1Q7R00000a3E2cUAE|0.0
a1Q2X00000ZEdZFUA1|0.0
a1Q7R00000a3AlEUAU|0.0
a1Q7R00000eivB1UAI|0.0
a1Q7R00000a3EwfUAE|0.0
a1Q7R00000a3G2jUAE|0.0
a1Q7R00000a386JUAQ|0.0
a1Q7R00000a2mbjUAA|0.0
a1Q7R00000a2mWFUAY|0.0
a1Q7R00000a2oSFUAY|0.0
a1Q7R00000a2uSPUAY|0.0
a1Q7R00000ZWUOeUAP|0.0
a1Q7R00000ZWUV6UAP|0.0
a1Q7R00000ZWXMgUAP|0.0
a1Q2X00000ZEcdVUAT|0.0
a1Q2X00000ZEVtCUAX|0.0
a1Q7R00000ZWEuaUAH|1.0
a1Q7R00000ZWPX8UAP|0.0
a1Q2X00000ZEXHyUAP|0.0
a1Q2X00000ZBSzvUAH|0.0
a1Q2X00000ZEZ27UAH|0.0
a1Q7R00000ZWRRpUAP|0.0
a1Q2X00000XcBDcUAN|0.0
a1Q2X00000ZEWCJUA5|0.0
a1Q7R00000ZWKClUAP|0.0
a1Q2X00000ZBReIUAX|0.0
a1Q2X00000ZEaGjUAL|0.0
a1Q2X00000ZElQMUA1|0.0
a1Q2X00000ZEYuhUAH|0.0
a1Q2X00000Xcde7UAB|0.0
a1Q2X00000ZEaG5UAL|0.0
a1Q2X00000ZEVmuUAH|0.0
a1Q2X00000ZWD9EUAX|0.0
a1Q7R00000ZWGHzUAP|0.0
a1Q2X00000XbW0yUAF|0.0
a1Q7R00000a31rDUAQ|0.0
a1Q2X00000ZW9KpUAL|0.0
a1Q2X00000ZAXaGUAX|0.0
a1Q7R00000ZWMYSUA5|0.0
a1Q7R00000eiO0xUAE|0.0
a1Q7R00000eiYo9UAE|0.0
a1Q7R00000eioEIUAY|0.0
a1Q7R00000ejSvCUAU|0.0
a1Q7R00000eicZEUAY|0.0
a1Q7R00000ejC8TUAU|0.0
a1Q7R00000eiStrUAE|0.0
a1Q7R00000eiScgUAE|0.0
a1Q7R00000eidYRUAY|0.0
a1Q7R00000eiiQwUAI|0.0
a1Q7R00000eiOavUAE|0.0
a1Q7R00000eih2QUAQ|0.0
a1Q7R00000ej32WUAQ|0.0
a1Q7R00000eivfQUAQ|0.0
a1Q7R00000ejOPbUAM|0.0
a1Q7R00000eitTNUAY|0.0
a1Q7R00000eiqWiUAI|0.0
a1Q7R00000ej9LeUAI|0.0
a1Q7R00000eiojBUAQ|0.0
a1Q7R00000ejN5fUAE|0.0
a1Q7R00000eiyLxUAI|0.0
a1Q7R00000ejGMjUAM|1.0
a1Q7R00000ejLhSUAU|0.0
a1Q7R00000ZWTUgUAP|0.0
a1Q7R00000a2tKBUAY|0.0
a1Q2X00000ZEVeRUAX|0.0
a1Q7R00000a3IT3UAM|0.0
a1Q7R00000ZWFScUAP|0.0
a1Q2X00000ZEW24UAH|0.0
a1Q7R00000eiounUAA|0.0
a1Q7R00000a2lmbUAA|0.0
a1Q2X00000Xc3omUAB|0.0
a1Q2X00000ZEZoGUAX|0.0
a1Q7R00000ZWLehUAH|0.0
a1Q7R00000ZWV3wUAH|0.0
a1Q7R00000ZWRxMUAX|0.0
a1Q2X00000ZEYk3UAH|0.0
a1Q7R00000a2sUtUAI|0.0
a1Q7R00000a2lsAUAQ|0.0
a1Q7R00000ejOKgUAM|0.0
a1Q7R00000a374RUAQ|0.0
a1Q7R00000a336dUAA|0.0
a1Q7R00000a3BtTUAU|0.0
a1Q7R00000a2qDvUAI|0.0
a1Q7R00000ZWWR6UAP|0.0
a1Q7R00000a33SKUAY|0.0
a1Q7R00000a39dsUAA|0.0
a1Q7R00000a35ohUAA|0.0
a1Q7R00000a35upUAA|0.0
a1Q7R00000eiVxXUAU|0.0
a1Q7R00000a37zmUAA|0.0
a1Q7R00000a35vxUAA|0.0
a1Q7R00000a2sJlUAI|0.0
a1Q2X00000ZEYnMUAX|0.0
a1Q7R00000a3AviUAE|0.0
a1Q7R00000a3AIRUA2|0.0
a1Q7R00000a3E0WUAU|0.0
a1Q7R00000eiNkkUAE|0.0
a1Q7R00000a38tfUAA|0.0
a1Q7R00000aBB9xUAG|0.0
a1Q7R00000eiNmlUAE|0.0
a1Q7R00000a2kbhUAA|0.0
a1Q7R00000a2n6wUAA|0.0
a1Q7R00000a2o98UAA|0.0
a1Q7R00000a2oqgUAA|0.0
a1Q7R00000a2xtKUAQ|0.0
a1Q7R00000ZWIQtUAP|0.0
a1Q7R00000ZWNA2UAP|0.0
a1Q7R00000ZWT7hUAH|0.0
a1Q7R00000ZWTnEUAX|0.0
a1Q7R00000ZWUfpUAH|0.0
a1Q2X00000ZALibUAH|0.0
a1Q2X00000ZEb7EUAT|0.0
a1Q2X00000ZEWdKUAX|0.0
a1Q2X00000Z6ksgUAB|1.0
a1Q2X00000ZWBZeUAP|0.0
a1Q7R00000ZWOppUAH|0.0
a1Q2X00000XcmisUAB|0.0
a1Q2X00000ZEbnPUAT|0.0
a1Q2X00000ZEWA3UAP|0.0
a1Q2X00000ZWDNlUAP|0.0
a1Q2X00000XcnEpUAJ|0.0
a1Q2X00000ZEb0NUAT|0.0
a1Q2X00000ZEYprUAH|0.0
a1Q2X00000ZEbeXUAT|0.0
a1Q2X00000ZEVtlUAH|0.0
a1Q7R00000ZWFEVUA5|1.0
a1Q7R00000ZWHmUUAX|0.0
a1Q2X00000ZAKNcUAP|0.0
a1Q2X00000ZAKNdUAP|0.0
a1Q2X00000ZEa0MUAT|0.0
a1Q2X00000ZWBOWUA5|0.0
a1Q7R00000ZWEYkUAP|0.0
a1Q7R00000ZWHOhUAP|0.0
a1Q7R00000ZWHXeUAP|0.0
a1Q7R00000ZWQjeUAH|0.0
a1Q2X00000ZWCmkUAH|0.0
a1Q7R00000a2nnHUAQ|0.0
a1Q7R00000a2ulZUAQ|0.0
a1Q7R00000a2xVcUAI|0.0
a1Q2X00000ZEc83UAD|0.0
a1Q2X00000ZEXltUAH|0.0
a1Q2X00000ZWDf1UAH|0.0
a1Q7R00000a345gUAA|0.0
a1Q7R00000a35YZUAY|0.0
a1Q2X00000ZEbfkUAD|0.0
a1Q7R00000eiPq6UAE|0.0
a1Q7R00000eiV9XUAU|0.0
a1Q7R00000eiPMuUAM|0.0
a1Q7R00000eiRwBUAU|0.0
a1Q7R00000eiS1BUAU|0.0
a1Q7R00000eiXCiUAM|0.0
a1Q7R00000eig1zUAA|0.0
a1Q7R00000eiZHkUAM|0.0
a1Q7R00000eiYF9UAM|0.0
a1Q7R00000eiYn1UAE|0.0
a1Q7R00000eiRCSUA2|0.0
a1Q7R00000eidZZUAY|0.0
a1Q7R00000eiQswUAE|0.0
a1Q7R00000eitTXUAY|0.0
a1Q7R00000ej14QUAQ|0.0
a1Q7R00000eiZPeUAM|0.0
a1Q7R00000eiQozUAE|0.0
a1Q7R00000eisl1UAA|0.0
a1Q7R00000ejOZMUA2|0.0
a1Q7R00000ejTsiUAE|0.0
a1Q7R00000ZWFEpUAP|0.0
a1Q2X00000ZWE5XUAX|0.0
a1Q7R00000a3He0UAE|0.0
a1Q7R00000a3HnRUAU|0.0
a1Q7R00000ejOw1UAE|0.0
a1Q7R00000a2kjRUAQ|0.0
a1Q7R00000ZWPgPUAX|0.0
a1Q7R00000ejGUiUAM|0.0
a1Q7R00000a2ks4UAA|0.0
a1Q7R00000a32UoUAI|0.0
a1Q7R00000aBC95UAG|0.0
a1Q7R00000a3DQdUAM|0.0
a1Q7R00000a2wysUAA|0.0
a1Q2X00000ZEYHGUA5|0.0
a1Q2X00000Z9KIIUA3|0.0
a1Q2X00000ZEf0BUAT|0.0
a1Q7R00000a2svzUAA|0.0
a1Q7R00000a2x68UAA|0.0
a1Q7R00000ej9yqUAA|0.0
a1Q7R00000a2zB0UAI|0.0
a1Q7R00000a2yPzUAI|0.0
a1Q7R00000a2pp5UAA|0.0
a1Q2X00000ZAKZiUAP|0.0
a1Q2X00000XcKCrUAN|0.0
a1Q7R00000ejY9OUAU|0.0
a1Q7R00000a377VUAQ|0.0
a1Q7R00000a3BLlUAM|0.0
a1Q7R00000a2zfKUAQ|0.0
a1Q7R00000a32BhUAI|0.0
a1Q7R00000a3DnrUAE|0.0
a1Q7R00000a2rMtUAI|0.0
a1Q7R00000a2s71UAA|0.0
a1Q2X00000ZEaLyUAL|0.0
a1Q7R00000a3EoWUAU|0.0
a1Q7R00000eibdtUAA|0.0
a1Q7R00000a3EM3UAM|0.0
a1Q7R00000a2nPjUAI|0.0
a1Q7R00000ZWUI2UAP|0.0
a1Q7R00000ZWVulUAH|0.0
a1Q7R00000ZWWLcUAP|0.0
a1Q7R00000ZWXGnUAP|0.0
a1Q2X00000ZEXVHUA5|0.0
a1Q2X00000ZEXwiUAH|0.0
a1Q7R00000ZWGX9UAP|0.0
a1Q2X00000Xc6V8UAJ|1.0
a1Q2X00000ZEVyqUAH|0.0
a1Q7R00000ZWGrYUAX|1.0
a1Q7R00000ZWPBWUA5|0.0
a1Q2X00000ZEf8jUAD|0.0
a1Q2X00000ZEg1iUAD|0.0
a1Q2X00000ZEjgQUAT|0.0
a1Q2X00000ZEVrpUAH|0.0
a1Q2X00000ZEVzeUAH|0.0
a1Q2X00000ZEXfdUAH|0.0
a1Q2X00000ZWAOJUA5|0.0
a1Q2X00000ZEXMoUAP|0.0
a1Q2X00000ZEXpCUAX|0.0
a1Q7R00000ZWE5mUAH|0.0
a1Q2X00000ZEcNhUAL|0.0
a1Q2X00000ZEWFdUAP|0.0
a1Q7R00000ZWLeNUAX|0.0
a1Q2X00000Z9QGtUAN|1.0
a1Q2X00000ZEYfmUAH|0.0
a1Q2X00000ZEYTvUAP|0.0
a1Q2X00000ZWCSKUA5|0.0
a1Q7R00000a33ULUAY|0.0
a1Q2X00000ZEW2dUAH|0.0
a1Q7R00000a33pPUAQ|0.0
a1Q7R00000a34xdUAA|0.0
a1Q2X00000ZEXb0UAH|0.0
a1Q7R00000a2rbZUAQ|0.0
a1Q7R00000a3EnnUAE|0.0
a1Q7R00000a2vs5UAA|0.0
a1Q7R00000eidHfUAI|0.0
a1Q7R00000eiNtwUAE|0.0
a1Q7R00000eioihUAA|0.0
a1Q7R00000eiYCAUA2|0.0
a1Q7R00000eioDeUAI|0.0
a1Q7R00000eiWbNUAU|0.0
a1Q7R00000eidGDUAY|0.0
a1Q7R00000eiO7oUAE|0.0
a1Q7R00000eiiGcUAI|0.0
a1Q7R00000eiicsUAA|0.0
a1Q7R00000eiovlUAA|0.0
a1Q7R00000eittpUAA|0.0
a1Q7R00000eilmXUAQ|0.0
a1Q7R00000ej4lcUAA|0.0
a1Q7R00000eiq3qUAA|0.0
a1Q7R00000eiskNUAQ|0.0
a1Q7R00000ej8BEUAY|0.0
a1Q7R00000ejGqFUAU|0.0
a1Q7R00000ej8LTUAY|0.0
a1Q2X00000ZEcRPUA1|1.0
a1Q2X00000ZAOE0UAP|0.0
a1Q7R00000ejVTuUAM|0.0
a1Q7R00000ejVfHUAU|0.0
a1Q2X00000ZEZYDUA5|0.0
a1Q2X00000ZEWOoUAP|0.0
a1Q2X00000ZEVh6UAH|0.0
a1Q7R00000a3C3OUAU|0.0
a1Q7R00000a3AySUAU|0.0
a1Q2X00000Xc5DYUAZ|0.0
a1Q2X00000XcCxZUAV|0.0
a1Q2X00000ZEWx5UAH|0.0
a1Q2X00000ZBRBLUA5|0.0
a1Q7R00000a3HdqUAE|0.0
a1Q7R00000eiMSpUAM|0.0
a1Q7R00000eiMx9UAE|0.0
a1Q7R00000a2l7YUAQ|0.0
a1Q7R00000a2xttUAA|0.0
a1Q7R00000a2m9zUAA|0.0
a1Q7R00000a3CdbUAE|0.0
a1Q2X00000ZAHwAUAX|0.0
a1Q7R00000a2yYDUAY|0.0
a1Q2X00000ZAXZ8UAP|0.0
a1Q7R00000a3FxZUAU|0.0
a1Q7R00000a2ph1UAA|0.0
a1Q2X00000ZEYtVUAX|0.0
a1Q7R00000a2sGwUAI|0.0
a1Q7R00000aBDPTUA4|0.0
a1Q7R00000ejXMvUAM|0.0
a1Q7R00000a34s9UAA|0.0
a1Q7R00000a36G2UAI|0.0
a1Q7R00000a3Ds3UAE|0.0
a1Q7R00000a3DO8UAM|0.0
a1Q2X00000ZEXTaUAP|1.0
a1Q7R00000a3EZ7UAM|0.0
a1Q7R00000eiQ5GUAU|0.0
a1Q7R00000ZWEagUAH|0.0
a1Q7R00000eiopxUAA|0.0
a1Q7R00000aBChbUAG|0.0
a1Q7R00000eiMktUAE|0.0
a1Q7R00000a2lVQUAY|0.0
a1Q7R00000a2v9GUAQ|0.0
a1Q7R00000ZWLA8UAP|0.0
a1Q7R00000ZWNnsUAH|0.0
a1Q7R00000ZWOdjUAH|0.0
a1Q7R00000ZWUMsUAP|0.0
a1Q7R00000ZWUV1UAP|1.0
a1Q7R00000ZWVV2UAP|0.0
a1Q7R00000ZWW8iUAH|0.0
a1Q7R00000ZWWElUAP|0.0
a1Q2X00000XbZqvUAF|0.0
a1Q2X00000ZBR5wUAH|0.0
a1Q2X00000XburLUAR|0.0
a1Q7R00000ZWIdxUAH|0.0
a1Q2X00000ZEoQeUAL|0.0
a1Q7R00000ZWHb3UAH|0.0
a1Q7R00000ZWHpiUAH|0.0
a1Q7R00000ZWHSoUAP|0.0
a1Q2X00000XcAgkUAF|0.0
a1Q2X00000ZBRSqUAP|0.0
a1Q2X00000ZEiiYUAT|0.0
a1Q2X00000ZEoDBUA1|0.0
a1Q2X00000ZEZ48UAH|0.0
a1Q2X00000ZWC3FUAX|0.0
a1Q2X00000ZEiiOUAT|0.0
a1Q2X00000ZEW4PUAX|0.0
a1Q2X00000ZEWH9UAP|0.0
a1Q2X00000ZEXPJUA5|0.0
a1Q2X00000ZEZeQUAX|0.0
a1Q7R00000ZWSnmUAH|0.0
a1Q7R00000ZWTBZUA5|0.0
a1Q7R00000a3CZAUA2|0.0
a1Q2X00000XbrTxUAJ|1.0
a1Q2X00000ZEm2EUAT|0.0
a1Q2X00000ZEVoqUAH|0.0
a1Q7R00000a3CncUAE|0.0
a1Q7R00000ej3R2UAI|0.0
a1Q7R00000eiSa1UAE|0.0
a1Q7R00000eicCyUAI|0.0
a1Q7R00000eioXFUAY|0.0
a1Q7R00000eiUBDUA2|0.0
a1Q7R00000eieusUAA|0.0
a1Q7R00000eiZvqUAE|0.0
a1Q7R00000eiYNNUA2|0.0
a1Q7R00000eivgiUAA|0.0
a1Q7R00000ejA79UAE|0.0
a1Q7R00000eiqMYUAY|0.0
a1Q7R00000eioirUAA|0.0
a1Q7R00000ej566UAA|0.0
a1Q7R00000ejDJwUAM|0.0
a1Q7R00000eivgOUAQ|0.0
a1Q7R00000ej8BnUAI|0.0
a1Q2X00000ZEayvUAD|0.0
a1Q2X00000ZEaKWUA1|0.0
a1Q2X00000ZEe0OUAT|0.0
a1Q7R00000ej7UPUAY|0.0
a1Q7R00000ej3xSUAQ|0.0
a1Q7R00000ej5MYUAY|0.0
a1Q7R00000ejUhCUAU|0.0
a1Q7R00000ZWEHEUA5|0.0
a1Q2X00000ZEl4fUAD|0.0
a1Q2X00000Xc9NCUAZ|0.0
a1Q7R00000a3GhmUAE|0.0
a1Q7R00000ZWF0nUAH|0.0
a1Q7R00000a32s2UAA|0.0
a1Q2X00000ZEY7GUAX|0.0
a1Q7R00000a2liUUAQ|0.0
a1Q2X00000ZEk7rUAD|0.0
a1Q2X00000Xc9PhUAJ|0.0
a1Q7R00000a2wEGUAY|0.0
a1Q7R00000a3EJOUA2|0.0
a1Q7R00000a2pGtUAI|0.0
a1Q7R00000a37I9UAI|0.0
a1Q7R00000a2yOwUAI|0.0
a1Q7R00000a2rysUAA|0.0
a1Q7R00000a2s1cUAA|0.0
a1Q2X00000XbbWZUAZ|0.0
a1Q7R00000ejFM9UAM|0.0
a1Q7R00000a2zsOUAQ|0.0
a1Q7R00000a3Bo4UAE|0.0
a1Q7R00000a3DcoUAE|0.0
a1Q7R00000a38r0UAA|0.0
a1Q7R00000a37FUUAY|0.0
a1Q7R00000a3AmCUAU|0.0
a1Q7R00000a3EV5UAM|0.0
a1Q7R00000a3I0QUAU|0.0
a1Q7R00000a2mZ9UAI|0.0
a1Q7R00000a31XhUAI|0.0
a1Q7R00000ZWX2IUAX|0.0
a1Q7R00000ZWXK6UAP|0.0
a1Q2X00000ZAT6QUAX|0.0
a1Q2X00000ZBT2kUAH|0.0
a1Q2X00000ZEfe4UAD|0.0
a1Q2X00000ZWDj6UAH|0.0
a1Q2X00000Z9suTUAR|0.0
a1Q2X00000ZEhWyUAL|0.0
a1Q7R00000ZWFpgUAH|0.0
a1Q2X00000Xc1uLUAR|0.0
a1Q2X00000XcUEDUA3|0.0
a1Q2X00000ZBSVWUA5|0.0
a1Q2X00000ZEbREUA1|0.0
a1Q2X00000ZWBXEUA5|0.0
a1Q7R00000ZWEqTUAX|0.0
a1Q7R00000ZWIwVUAX|0.0
a1Q2X00000Z9vYeUAJ|0.0
a1Q2X00000ZAENVUA5|0.0
a1Q2X00000ZEbntUAD|0.0
a1Q2X00000ZEl5JUAT|0.0
a1Q2X00000ZEWnUUAX|0.0
a1Q2X00000ZEYQNUA5|0.0
a1Q7R00000ZWJF8UAP|0.0
a1Q2X00000ZBJ9iUAH|0.0
a1Q2X00000ZEVrkUAH|0.0
a1Q2X00000ZEXYpUAP|0.0
a1Q7R00000ZWHQTUA5|0.0
a1Q2X00000XcVRlUAN|0.0
a1Q2X00000ZEVpZUAX|0.0
a1Q2X00000ZWD3fUAH|0.0
a1Q7R00000ZWHicUAH|0.0
a1Q7R00000ZWJc7UAH|0.0
a1Q2X00000XbQ8iUAF|0.0
a1Q2X00000ZEW2iUAH|0.0
a1Q7R00000a367UUAQ|0.0
a1Q7R00000ZWUgEUAX|1.0
a1Q7R00000eiOFsUAM|0.0
a1Q7R00000eiPgBUAU|0.0
a1Q7R00000ej1oJUAQ|0.0
a1Q7R00000eiPuEUAU|0.0
a1Q7R00000eiWnEUAU|0.0
a1Q7R00000eiXliUAE|0.0
a1Q7R00000eiSxPUAU|0.0
a1Q7R00000eiU8xUAE|0.0
a1Q7R00000eiXASUA2|0.0
a1Q7R00000eiZVSUA2|0.0
a1Q7R00000eiYDmUAM|0.0
a1Q7R00000eieuxUAA|0.0
a1Q7R00000eizvwUAA|0.0
a1Q7R00000eio22UAA|0.0
a1Q7R00000eiW57UAE|0.0
a1Q7R00000eieUkUAI|0.0
a1Q7R00000eihUYUAY|1.0
a1Q7R00000eiqdyUAA|0.0
a1Q7R00000eiyMwUAI|0.0
a1Q7R00000eiwYkUAI|0.0
a1Q7R00000eiwXIUAY|0.0
a1Q7R00000ej9dnUAA|0.0
a1Q7R00000eihljUAA|0.0
a1Q7R00000ejCyPUAU|0.0
a1Q2X00000ZBRVLUA5|0.0
a1Q2X00000ZEZcPUAX|0.0
a1Q7R00000ej0w7UAA|0.0
a1Q7R00000ejGBbUAM|0.0
a1Q7R00000ejBL2UAM|0.0
a1Q7R00000ejY1eUAE|0.0
a1Q7R00000ejVugUAE|0.0
a1Q2X00000Xc3jQUAR|0.0
a1Q7R00000a2vioUAA|0.0
a1Q7R00000a3EfeUAE|0.0
a1Q7R00000a2yKzUAI|0.0
a1Q2X00000ZEWREUA5|0.0
a1Q2X00000ZEWv4UAH|0.0
a1Q7R00000ej1cNUAQ|1.0
a1Q7R00000ZWNlIUAX|0.0
a1Q7R00000a2q0hUAA|0.0
a1Q7R00000a2mbyUAA|0.0
a1Q7R00000ZWKnxUAH|0.0
a1Q2X00000ZEaNaUAL|0.0
a1Q7R00000a2wGMUAY|0.0
a1Q7R00000ZWQ5UUAX|0.0
a1Q2X00000ZEctdUAD|0.0
a1Q7R00000ZWRXdUAP|0.0
a1Q7R00000a2xqLUAQ|0.0
a1Q7R00000ZWW21UAH|0.0
a1Q7R00000ZWSBJUA5|0.0
a1Q2X00000Z9LhCUAV|0.0
a1Q7R00000ejPpGUAU|0.0
a1Q7R00000a2t2qUAA|0.0
a1Q7R00000eiqc2UAA|0.0
a1Q7R00000a2kcBUAQ|0.0
a1Q7R00000a2yeVUAQ|0.0
a1Q7R00000eiUD4UAM|0.0
a1Q2X00000ZEimzUAD|0.0
a1Q7R00000a2y5LUAQ|0.0
a1Q2X00000ZEl4kUAD|0.0
a1Q7R00000a33reUAA|0.0
a1Q7R00000a39LZUAY|0.0
a1Q7R00000a39zKUAQ|0.0
a1Q2X00000ZWDNRUA5|0.0
a1Q7R00000a31bZUAQ|0.0
a1Q7R00000aBCBGUA4|0.0
a1Q7R00000aBCqYUAW|0.0
a1Q7R00000a3H05UAE|0.0
a1Q7R00000a3AGuUAM|0.0
a1Q7R00000a3GJkUAM|0.0
a1Q7R00000a3GRjUAM|0.0
a1Q7R00000a3JdYUAU|0.0
a1Q2X00000ZEXeiUAH|0.0
a1Q7R00000a2jicUAA|0.0
a1Q7R00000a2lgnUAA|0.0
a1Q7R00000a2nwdUAA|0.0
a1Q7R00000a2syPUAQ|0.0
a1Q7R00000ZWHBEUA5|0.0
a1Q7R00000ZWT3LUAX|0.0
a1Q7R00000ZWV6lUAH|0.0
a1Q2X00000Z6o8zUAB|0.0
a1Q2X00000ZEaFgUAL|0.0
a1Q2X00000ZEXfbUAH|0.0
a1Q7R00000ZWMTrUAP|0.0
a1Q2X00000ZEVr1UAH|0.0
a1Q2X00000ZEW8gUAH|0.0
a1Q2X00000ZEWbnUAH|0.0
a1Q2X00000ZBIWFUA5|0.0
a1Q2X00000ZEViiUAH|0.0
a1Q7R00000ZWEkQUAX|0.0
a1Q7R00000ZWNdYUAX|0.0
a1Q2X00000XcCBwUAN|0.0
a1Q2X00000ZBShSUAX|0.0
a1Q2X00000ZEl4pUAD|0.0
a1Q2X00000ZEWrDUAX|0.0
a1Q2X00000ZW8bVUAT|1.0
a1Q7R00000ZWLmqUAH|0.0
a1Q2X00000ZEXHaUAP|0.0
a1Q7R00000ZWS0aUAH|0.0
a1Q2X00000XcGlvUAF|0.0
a1Q2X00000ZEa31UAD|0.0
a1Q2X00000ZEhvDUAT|0.0
a1Q2X00000ZEWsAUAX|0.0
a1Q2X00000ZEWWdUAP|0.0
a1Q7R00000a39atUAA|0.0
a1Q7R00000a3BsGUAU|0.0
a1Q7R00000ZWWgVUAX|0.0
a1Q2X00000ZEVztUAH|0.0
a1Q7R00000eiQ48UAE|0.0
a1Q7R00000eiQQOUA2|0.0
a1Q7R00000eiR7rUAE|0.0
a1Q7R00000ejSpOUAU|0.0
a1Q7R00000eiUJ2UAM|0.0
a1Q7R00000eiqLBUAY|0.0
a1Q7R00000eiqUcUAI|0.0
a1Q7R00000einzcUAA|0.0
a1Q7R00000eivYFUAY|0.0
a1Q7R00000eirxaUAA|0.0
a1Q7R00000ejPyhUAE|0.0
a1Q7R00000ejCUAUA2|0.0
a1Q7R00000a3FTKUA2|0.0
a1Q7R00000ejUGLUA2|0.0
a1Q7R00000ejPmCUAU|0.0
a1Q7R00000ejQJuUAM|0.0
a1Q7R00000ejTuUUAU|0.0
a1Q7R00000ejD6dUAE|0.0
a1Q2X00000ZBD43UAH|0.0
a1Q7R00000ZWGhiUAH|0.0
a1Q7R00000a3B6MUAU|0.0
a1Q2X00000Xc3LPUAZ|0.0
a1Q7R00000a2mJzUAI|0.0
a1Q7R00000ZWKhzUAH|0.0
a1Q7R00000ZWKkUUAX|0.0
a1Q7R00000ZWN0WUAX|0.0
a1Q2X00000ZEWP8UAP|0.0
a1Q2X00000ZEXbAUAX|0.0
a1Q7R00000a2nxqUAA|0.0
a1Q7R00000a385pUAA|0.0
a1Q7R00000ZWSwZUAX|0.0
a1Q7R00000ZWUEoUAP|0.0
a1Q7R00000ZWTdTUAX|1.0
a1Q2X00000Z6p7RUAR|0.0
a1Q7R00000ejIozUAE|0.0
a1Q2X00000Z97hWUAR|0.0
a1Q7R00000a2tsXUAQ|0.0
a1Q7R00000ejLnGUAU|0.0
a1Q7R00000ej5UIUAY|0.0
a1Q7R00000eiQNjUAM|0.0
a1Q7R00000a3HQSUA2|0.0
a1Q2X00000Xc9jLUAR|0.0
a1Q7R00000a2pv3UAA|0.0
a1Q7R00000a2zsnUAA|0.0
a1Q2X00000ZElpRUAT|0.0
a1Q2X00000ZElvfUAD|0.0
a1Q7R00000a31SmUAI|0.0
a1Q7R00000a39gIUAQ|0.0
a1Q7R00000a2rcwUAA|0.0
a1Q7R00000a3ARdUAM|0.0
a1Q2X00000ZEYaSUAX|0.0
a1Q7R00000a2kBUUAY|0.0
a1Q7R00000a2kKSUAY|0.0
a1Q7R00000a3GnLUAU|0.0
a1Q7R00000a3E0qUAE|0.0
a1Q7R00000a3GgtUAE|0.0
a1Q7R00000aBB2XUAW|0.0
a1Q7R00000a3CbGUAU|0.0
a1Q7R00000a2o2WUAQ|0.0
a1Q7R00000a2tbvUAA|0.0
a1Q7R00000a2vywUAA|0.0
a1Q7R00000ZWU5NUAX|0.0
a1Q7R00000ZWW8sUAH|0.0
a1Q7R00000ZWWJ2UAP|0.0
a1Q2X00000ZWAgJUAX|0.0
a1Q7R00000ZWJL1UAP|0.0
a1Q7R00000ZWPVHUA5|0.0
a1Q2X00000ZEWbsUAH|0.0
a1Q2X00000ZEcReUAL|0.0
a1Q2X00000ZEf0QUAT|0.0
a1Q2X00000ZEi7wUAD|0.0
a1Q2X00000Xc3OZUAZ|0.0
a1Q2X00000XcFxMUAV|0.0
a1Q2X00000Z6pwKUAR|0.0
a1Q2X00000ZAEk4UAH|0.0
a1Q2X00000ZEVfoUAH|0.0
a1Q2X00000ZEVvNUAX|0.0
a1Q7R00000ZWGn7UAH|0.0
a1Q2X00000ZEbX7UAL|0.0
a1Q2X00000ZEX6qUAH|0.0
a1Q2X00000ZEXgeUAH|0.0
a1Q2X00000ZEXYkUAP|0.0
a1Q7R00000ZWFgyUAH|0.0
a1Q7R00000ZWFYGUA5|0.0
a1Q7R00000ZWLYeUAP|0.0
a1Q2X00000XbtYsUAJ|0.0
a1Q7R00000a2zMrUAI|0.0
a1Q7R00000a36GgUAI|0.0
a1Q2X00000ZEZDUUA5|0.0
a1Q7R00000a32quUAA|0.0
a1Q7R00000a37SsUAI|0.0
a1Q7R00000ZWNQtUAP|0.0
a1Q7R00000eiOwwUAE|0.0
a1Q7R00000eipJJUAY|0.0
a1Q7R00000a32JbUAI|0.0
a1Q7R00000ejBBMUA2|0.0
a1Q7R00000eiRTTUA2|0.0
a1Q7R00000eiQ4mUAE|0.0
a1Q7R00000eiUI9UAM|0.0
a1Q7R00000eikEiUAI|0.0
a1Q7R00000eiSSqUAM|0.0
a1Q7R00000eiUBhUAM|0.0
a1Q7R00000eid4WUAQ|0.0
a1Q7R00000eiZ7kUAE|0.0
a1Q7R00000eiXLfUAM|0.0
a1Q7R00000eiPytUAE|0.0
a1Q7R00000eiqVBUAY|0.0
a1Q7R00000eimlPUAQ|0.0
a1Q7R00000eiohFUAQ|0.0
a1Q7R00000eij8yUAA|0.0
a1Q7R00000eivtDUAQ|0.0
a1Q7R00000eimbyUAA|0.0
a1Q7R00000ej4pjUAA|0.0
a1Q7R00000ejStzUAE|0.0
a1Q7R00000ejD4wUAE|0.0
a1Q7R00000ej7RQUAY|0.0
a1Q7R00000ejFCxUAM|0.0
a1Q7R00000ejAE5UAM|0.0
a1Q2X00000XcPKlUAN|0.0
a1Q2X00000ZEdpWUAT|0.0
a1Q7R00000ejUjrUAE|0.0
a1Q7R00000ejVQqUAM|0.0
a1Q7R00000ejVxLUAU|0.0
a1Q2X00000ZEXJQUA5|0.0
a1Q7R00000ZWTm1UAH|0.0
a1Q2X00000ZBRNWUA5|0.0
a1Q7R00000a3IbHUAU|0.0
a1Q7R00000a3CX4UAM|0.0
a1Q7R00000a3EmaUAE|0.0
a1Q2X00000ZEXrSUAX|0.0
a1Q2X00000ZEY1wUAH|0.0
a1Q2X00000ZEYUZUA5|0.0
a1Q2X00000Xc3hJUAR|0.0
a1Q2X00000ZEjpAUAT|0.0
a1Q2X00000XcENTUA3|0.0
a1Q2X00000ZWCVnUAP|0.0
a1Q7R00000a2nngUAA|0.0
a1Q7R00000a2lcgUAA|0.0
a1Q7R00000ZWScKUAX|0.0
a1Q7R00000ZWQnHUAX|0.0
a1Q2X00000XbQSJUA3|0.0
a1Q2X00000Z6p77UAB|0.0
a1Q7R00000a2xIdUAI|0.0
a1Q2X00000Z8veEUAR|0.0
a1Q7R00000a2kiYUAQ|0.0
a1Q7R00000a3INZUA2|0.0
a1Q7R00000a2wHKUAY|0.0
a1Q7R00000a2nRRUAY|0.0
a1Q7R00000a2zg3UAA|0.0
a1Q7R00000a32eUUAQ|0.0
a1Q2X00000ZWCjGUAX|0.0
a1Q7R00000a34BUUAY|0.0
a1Q7R00000a33uUUAQ|0.0
a1Q7R00000a2qmlUAA|0.0
a1Q7R00000a344sUAA|0.0
a1Q7R00000a30p6UAA|0.0
a1Q2X00000ZEaOEUA1|0.0
a1Q2X00000ZEbC9UAL|0.0
a1Q2X00000ZEc5dUAD|0.0
a1Q2X00000ZBSEGUA5|0.0
a1Q7R00000a37TRUAY|0.0
a1Q7R00000a3BRyUAM|0.0
a1Q2X00000ZEnbbUAD|0.0
a1Q7R00000a3CIOUA2|0.0
a1Q7R00000eiMhQUAU|0.0
a1Q7R00000a3CvVUAU|0.0
a1Q7R00000a3GNrUAM|0.0
a1Q7R00000a2nucUAA|0.0
a1Q7R00000a2pBKUAY|0.0
a1Q7R00000ZWGDdUAP|0.0
a1Q7R00000ZWJgBUAX|0.0
a1Q7R00000ZWUIbUAP|0.0
a1Q7R00000ZWXA1UAP|0.0
a1Q7R00000ZWXGdUAP|1.0
a1Q2X00000ZEccmUAD|0.0
a1Q2X00000ZEnn3UAD|0.0
a1Q2X00000ZEVuzUAH|0.0
a1Q2X00000ZEWTPUA5|0.0
a1Q2X00000ZWBwxUAH|0.0
a1Q7R00000ZWH1xUAH|0.0
a1Q7R00000ZWHmZUAX|0.0
a1Q7R00000ZWJytUAH|0.0
a1Q2X00000ZEmTZUA1|0.0
a1Q2X00000ZEWoJUAX|0.0
a1Q2X00000ZEWq9UAH|0.0
a1Q2X00000ZEY3xUAH|0.0
a1Q7R00000ZWEwqUAH|0.0
a1Q2X00000ZEcaqUAD|0.0
a1Q2X00000ZEVqJUAX|0.0
a1Q2X00000ZEZYXUA5|0.0
a1Q7R00000ZWEdBUAX|0.0
a1Q2X00000ZEapyUAD|0.0
a1Q2X00000ZEf5QUAT|1.0
a1Q2X00000ZEXMeUAP|0.0
a1Q7R00000ZWRwOUAX|0.0
a1Q2X00000ZEZkFUAX|0.0
a1Q7R00000ZWMVTUA5|0.0
a1Q2X00000Z9xjPUAR|0.0
a1Q7R00000a2zr6UAA|0.0
a1Q7R00000a3289UAA|0.0
a1Q2X00000XcjkoUAB|0.0
a1Q2X00000ZEZvvUAH|0.0
a1Q7R00000a2kzFUAQ|0.0
a1Q2X00000ZEVhVUAX|0.0
a1Q2X00000ZEXhcUAH|0.0
a1Q7R00000a2k0MUAQ|0.0
a1Q7R00000eiO67UAE|0.0
a1Q7R00000ZWSEwUAP|0.0
a1Q7R00000eiNNvUAM|0.0
a1Q7R00000eijcZUAQ|0.0
a1Q7R00000ej0H4UAI|0.0
a1Q7R00000eioCqUAI|0.0
a1Q7R00000eiRhVUAU|0.0
a1Q7R00000ej41ZUAQ|0.0
a1Q7R00000eiV5uUAE|0.0
a1Q7R00000eimPiUAI|0.0
a1Q7R00000eiqbOUAQ|0.0
a1Q7R00000eisFyUAI|0.0
a1Q7R00000eiRwkUAE|0.0
a1Q7R00000eiwPsUAI|0.0
a1Q7R00000ej13rUAA|0.0
a1Q7R00000eix7kUAA|1.0
a1Q7R00000eix4WUAQ|0.0
a1Q7R00000ej4TdUAI|0.0
a1Q7R00000eikb8UAA|0.0
a1Q7R00000eis92UAA|0.0
a1Q7R00000eiyCHUAY|0.0
a1Q7R00000ejSiXUAU|0.0
a1Q7R00000ej3VdUAI|0.0
a1Q7R00000ej4GoUAI|0.0
a1Q7R00000ejE0MUAU|0.0
a1Q2X00000ZEchmUAD|0.0
a1Q2X00000Z97gEUAR|0.0
a1Q2X00000XcQ8NUAV|0.0
a1Q7R00000ej94JUAQ|0.0
a1Q7R00000ejBl0UAE|0.0
a1Q7R00000ej4RcUAI|0.0
a1Q7R00000ejCoUUAU|0.0
a1Q7R00000ejSyfUAE|0.0
a1Q7R00000ejYf5UAE|0.0
a1Q7R00000a36PsUAI|0.0
a1Q7R00000ZWUy8UAH|0.0
a1Q7R00000ejLV2UAM|0.0
a1Q7R00000a3ItQUAU|0.0
a1Q7R00000eiPxCUAU|0.0
a1Q7R00000a3HrTUAU|0.0
a1Q7R00000ZWQcOUAX|1.0
a1Q7R00000ZWO8gUAH|0.0
a1Q7R00000ZWKkyUAH|0.0
a1Q7R00000a3IBsUAM|0.0
a1Q7R00000ZWRQ8UAP|0.0
a1Q7R00000a2wxVUAQ|0.0
a1Q7R00000ZWRyAUAX|0.0
a1Q7R00000eiMwQUAU|1.0
a1Q7R00000a2lUrUAI|0.0
a1Q2X00000Z6o9nUAB|0.0
a1Q2X00000Xc3n1UAB|0.0
a1Q2X00000ZEemgUAD|0.0
a1Q7R00000a39sxUAA|0.0
a1Q7R00000a2oTDUAY|0.0
a1Q7R00000a31agUAA|0.0
a1Q7R00000a2yRgUAI|0.0
a1Q7R00000a2wJfUAI|0.0
a1Q2X00000XcBDHUA3|0.0
a1Q7R00000a34cQUAQ|0.0
a1Q2X00000ZAZGSUA5|0.0
a1Q2X00000XcMBsUAN|1.0
a1Q2X00000ZEjQQUA1|0.0
a1Q7R00000eiQKkUAM|0.0
a1Q7R00000a33G9UAI|0.0
a1Q7R00000a31pHUAQ|0.0
a1Q7R00000a372LUAQ|0.0
a1Q7R00000a3FF3UAM|0.0
a1Q2X00000ZEjUwUAL|0.0
a1Q7R00000a3GkqUAE|0.0
a1Q7R00000a3AROUA2|0.0
a1Q2X00000Z6pYoUAJ|0.0
a1Q2X00000ZEWD7UAP|0.0
a1Q7R00000a2oJrUAI|0.0
a1Q7R00000a2qOjUAI|0.0
a1Q7R00000ZWEI2UAP|0.0
a1Q2X00000ZEbfBUAT|0.0
a1Q2X00000ZEbGzUAL|0.0
a1Q2X00000Z9772UAB|0.0
a1Q2X00000ZBT1XUAX|0.0
a1Q7R00000ZWMUuUAP|0.0
a1Q2X00000ZEc3JUAT|0.0
a1Q2X00000ZEWF3UAP|0.0
a1Q2X00000ZEYHzUAP|0.0
a1Q2X00000XcEwJUAV|0.0
a1Q2X00000Z6kPlUAJ|1.0
a1Q2X00000ZEWpuUAH|0.0
a1Q2X00000ZEXi6UAH|0.0
a1Q2X00000XcAdxUAF|0.0
a1Q2X00000ZEoDLUA1|0.0
a1Q7R00000ZWFE6UAP|0.0
a1Q7R00000ZWMMvUAP|0.0
a1Q2X00000ZEbXhUAL|0.0
a1Q2X00000ZEik5UAD|0.0
a1Q2X00000ZEZsIUAX|0.0
a1Q7R00000a2nH1UAI|0.0
a1Q7R00000eiNFIUA2|0.0
a1Q7R00000eif4EUAQ|0.0
a1Q7R00000einvLUAQ|0.0
a1Q7R00000ej55hUAA|0.0
a1Q7R00000eiVnmUAE|0.0
a1Q7R00000a3CvBUAU|0.0
a1Q7R00000eimRjUAI|0.0
a1Q7R00000eieLJUAY|0.0
a1Q7R00000eiUJMUA2|0.0
a1Q7R00000eiUYWUA2|0.0
a1Q7R00000eiq5IUAQ|0.0
a1Q7R00000einIdUAI|0.0
a1Q7R00000eiqUhUAI|0.0
a1Q7R00000eij3FUAQ|0.0
a1Q7R00000eia2DUAQ|0.0
a1Q7R00000eisn7UAA|0.0
a1Q7R00000eirOVUAY|0.0
a1Q7R00000eiu4xUAA|0.0
a1Q7R00000einytUAA|0.0
a1Q7R00000eivHTUAY|0.0
a1Q7R00000ej7nCUAQ|0.0
a1Q7R00000eixYvUAI|0.0
a1Q2X00000Z97g9UAB|0.0
a1Q2X00000ZEZTDUA5|0.0
a1Q7R00000ejPD7UAM|0.0
a1Q7R00000ejGNwUAM|0.0
a1Q2X00000XbKdbUAF|0.0
a1Q7R00000a2tpTUAQ|0.0
a1Q2X00000ZEZN6UAP|0.0
a1Q2X00000Xb9ZuUAJ|1.0
a1Q7R00000ej56fUAA|1.0
a1Q7R00000a3FgYUAU|0.0
a1Q2X00000ZAf2jUAD|0.0
a1Q7R00000a2p0bUAA|0.0
a1Q7R00000eiPLwUAM|0.0
a1Q7R00000a2p0lUAA|0.0
a1Q7R00000ZWVQCUA5|0.0
a1Q7R00000a36KOUAY|0.0
a1Q7R00000a2rwwUAA|0.0
a1Q7R00000a2rvGUAQ|0.0
a1Q2X00000Z9vPmUAJ|0.0
a1Q7R00000a2ogHUAQ|0.0
a1Q7R00000a3BjEUAU|0.0
a1Q2X00000ZAHnDUAX|0.0
a1Q2X00000ZEffRUAT|0.0
a1Q2X00000ZEg13UAD|0.0
a1Q2X00000XcABOUA3|1.0
a1Q2X00000XcKBZUA3|0.0
a1Q2X00000ZEmC1UAL|0.0
a1Q7R00000a3BsfUAE|0.0
a1Q7R00000a2y8oUAA|0.0
a1Q7R00000a39sYUAQ|0.0
a1Q7R00000a34sOUAQ|0.0
a1Q7R00000a38hAUAQ|0.0
a1Q7R00000a35pVUAQ|0.0
a1Q7R00000aBDHeUAO|0.0
a1Q2X00000ZEbT0UAL|0.0
a1Q7R00000a3Ec6UAE|0.0
a1Q7R00000a3HgVUAU|0.0
a1Q7R00000a3JhfUAE|0.0
a1Q7R00000a2jsIUAQ|0.0
a1Q7R00000a2mcSUAQ|0.0
a1Q7R00000a2wgyUAA|0.0
a1Q7R00000ZWLZhUAP|0.0
a1Q7R00000ZWNJnUAP|0.0
a1Q7R00000ZWT0RUAX|0.0
a1Q2X00000ZEaegUAD|0.0
a1Q2X00000ZEavwUAD|0.0
a1Q2X00000ZEVdiUAH|0.0
a1Q7R00000ZWIrVUAX|0.0
a1Q2X00000ZEbjTUAT|0.0
a1Q2X00000ZEhvSUAT|0.0
a1Q2X00000ZEWTKUA5|0.0
a1Q2X00000ZEXYGUA5|0.0
a1Q2X00000ZEcxQUAT|0.0
a1Q2X00000ZEe2eUAD|0.0
a1Q2X00000ZEiS2UAL|0.0
a1Q7R00000ZWRBcUAP|0.0
a1Q2X00000ZEbcWUAT|0.0
a1Q7R00000ZWErHUAX|0.0
a1Q7R00000ZWGIiUAP|0.0
a1Q7R00000ZWGSiUAP|0.0
a1Q2X00000XbhGFUAZ|1.0
a1Q2X00000XcCCQUA3|0.0
a1Q2X00000Z9xMQUAZ|0.0
a1Q2X00000ZEY6DUAX|0.0
a1Q2X00000ZEZWWUA5|0.0
a1Q7R00000ZWJzcUAH|0.0
a1Q2X00000ZEVyHUAX|0.0
a1Q7R00000a33EIUAY|0.0
a1Q2X00000VoDd1UAF|0.0
a1Q7R00000a2nD5UAI|0.0
a1Q7R00000a35f1UAA|0.0
a1Q7R00000a393kUAA|0.0
a1Q2X00000ZWAtEUAX|0.0
a1Q2X00000ZBSyiUAH|0.0
a1Q7R00000ej7cdUAA|0.0
a1Q7R00000a3JoqUAE|0.0
a1Q7R00000ej7p8UAA|0.0
a1Q7R00000eioBEUAY|0.0
a1Q7R00000eiPyyUAE|0.0
a1Q7R00000eiobbUAA|0.0
a1Q7R00000eiWbDUAU|0.0
a1Q7R00000eiSEAUA2|0.0
a1Q7R00000eiTXhUAM|0.0
a1Q7R00000eilTeUAI|0.0
a1Q7R00000eiftRUAQ|0.0
a1Q7R00000eiZyGUAU|0.0
a1Q7R00000eiqNqUAI|0.0
a1Q7R00000eiue7UAA|0.0
a1Q7R00000eicr3UAA|0.0
a1Q7R00000ej0UmUAI|0.0
a1Q7R00000eihMAUAY|0.0
a1Q7R00000eixj5UAA|0.0
a1Q7R00000eizndUAA|0.0
a1Q7R00000ej5COUAY|0.0
a1Q7R00000eiwDSUAY|0.0
a1Q7R00000eivfLUAQ|0.0
a1Q7R00000eiptbUAA|0.0
a1Q7R00000ej9IQUAY|0.0
a1Q7R00000ejE6yUAE|0.0
a1Q7R00000ejUv4UAE|0.0
a1Q7R00000eiyPLUAY|0.0
a1Q2X00000ZEZLoUAP|0.0
a1Q2X00000XcjjRUAR|0.0
a1Q2X00000Z9OeMUAV|0.0
a1Q7R00000ejTFIUA2|0.0
a1Q7R00000ejVUeUAM|0.0
a1Q7R00000ej61MUAQ|0.0
a1Q7R00000ejVl0UAE|0.0
a1Q2X00000XcjjXUAR|0.0
a1Q7R00000ZWTl8UAH|0.0
a1Q7R00000eifmVUAQ|0.0
a1Q7R00000a36NIUAY|0.0
a1Q7R00000a3JcVUAU|0.0
a1Q7R00000eimgFUAQ|0.0
a1Q7R00000ZWJIgUAP|0.0
a1Q2X00000ZEYpDUAX|0.0
a1Q7R00000a2mveUAA|0.0
a1Q7R00000eijZzUAI|0.0
a1Q7R00000a3CpcUAE|0.0
a1Q7R00000ZWOJPUA5|0.0
a1Q7R00000eiOfMUAU|0.0
a1Q7R00000ZWRQ3UAP|0.0
a1Q7R00000ZWTi9UAH|0.0
a1Q2X00000Z6kAHUAZ|0.0
a1Q7R00000eirNIUAY|0.0
a1Q2X00000XbUulUAF|1.0
a1Q7R00000a2pOYUAY|0.0
a1Q7R00000a2rgFUAQ|0.0
a1Q7R00000aBCDqUAO|0.0
a1Q7R00000a2wVMUAY|0.0
a1Q7R00000ej9uoUAA|0.0
a1Q7R00000eiPn7UAE|0.0
a1Q7R00000a38qlUAA|0.0
a1Q7R00000a31YBUAY|0.0
a1Q7R00000einGDUAY|0.0
a1Q7R00000a34JsUAI|0.0
a1Q7R00000a37gQUAQ|0.0
a1Q7R00000aBC1QUAW|0.0
a1Q7R00000a38dhUAA|0.0
a1Q7R00000a3BDrUAM|0.0
a1Q2X00000ZBT8iUAH|0.0
a1Q2X00000ZEc17UAD|0.0
a1Q7R00000a3AlJUAU|0.0
a1Q7R00000a3AeNUAU|0.0
a1Q7R00000a3HnMUAU|0.0
a1Q7R00000a34tqUAA|0.0
a1Q7R00000a2jxSUAQ|0.0
a1Q7R00000a2qjmUAA|0.0
a1Q7R00000a2rj4UAA|0.0
a1Q7R00000a2vHeUAI|0.0
a1Q7R00000a2yIjUAI|0.0
a1Q7R00000ZWST3UAP|0.0
a1Q7R00000ZWTe2UAH|0.0
a1Q7R00000ZWVdkUAH|0.0
a1Q7R00000ZWVifUAH|0.0
a1Q7R00000ZWVw8UAH|0.0
a1Q2X00000ZEaLoUAL|0.0
a1Q2X00000ZElqKUAT|0.0
a1Q2X00000ZEWHTUA5|0.0
a1Q7R00000ZWFhDUAX|0.0
a1Q2X00000ZBRwlUAH|0.0
a1Q2X00000ZBT1mUAH|0.0
a1Q2X00000ZEVvEUAX|0.0
a1Q2X00000XcI9wUAF|0.0
a1Q7R00000a3CcJUAU|0.0
a1Q2X00000ZEYS9UAP|0.0
a1Q2X00000ZW9YwUAL|1.0
a1Q2X00000Xc3ulUAB|0.0
a1Q2X00000ZBSz7UAH|0.0
a1Q2X00000ZWAXRUA5|1.0
a1Q2X00000ZEnllUAD|0.0
a1Q7R00000ZWIUhUAP|0.0
a1Q2X00000ZEZXoUAP|0.0
a1Q7R00000a303bUAA|0.0
a1Q7R00000a36vAUAQ|0.0
a1Q2X00000ZEoQKUA1|0.0
a1Q7R00000ZWOUSUA5|0.0
a1Q2X00000ZBRxZUAX|1.0
a1Q2X00000ZBT5eUAH|0.0
a1Q2X00000ZEXrNUAX|0.0
a1Q7R00000a388PUAQ|0.0
a1Q7R00000aBDK4UAO|0.0
a1Q7R00000eiPaDUAU|0.0
a1Q7R00000ej9V5UAI|0.0
a1Q7R00000eiQfOUAU|0.0
a1Q7R00000eiZ1mUAE|0.0
a1Q7R00000eiSewUAE|0.0
a1Q7R00000eiT0YUAU|0.0
a1Q7R00000eiT7KUAU|0.0
a1Q7R00000eiV6xUAE|0.0
a1Q7R00000eiOKnUAM|0.0
a1Q7R00000eiWpAUAU|0.0
a1Q7R00000eiaZqUAI|0.0
a1Q7R00000eibJjUAI|0.0
a1Q7R00000eioiXUAQ|0.0
a1Q7R00000ej1qFUAQ|0.0
a1Q7R00000eizFvUAI|0.0
a1Q7R00000eioCvUAI|0.0
a1Q7R00000eimbPUAQ|0.0
a1Q7R00000ej8KLUAY|0.0
a1Q7R00000eio0uUAA|0.0
a1Q7R00000ejE86UAE|0.0
a1Q7R00000eitk9UAA|0.0
a1Q7R00000ejChYUAU|0.0
a1Q7R00000ejIqWUAU|0.0
a1Q7R00000ZWSu9UAH|0.0
a1Q7R00000a3IokUAE|0.0
a1Q7R00000a2tMgUAI|0.0
a1Q7R00000ZWPV7UAP|0.0
a1Q7R00000ZWW76UAH|0.0
a1Q7R00000a3ICWUA2|0.0
a1Q7R00000ZWFKOUA5|0.0
a1Q7R00000ZWXIAUA5|0.0
a1Q2X00000ZEe88UAD|0.0
a1Q7R00000einHzUAI|0.0
a1Q7R00000ZWJx2UAH|0.0
a1Q2X00000Xc9QLUAZ|0.0
a1Q7R00000a2nM6UAI|1.0
a1Q7R00000ZWSoQUAX|0.0
a1Q7R00000ZWV4VUAX|0.0
a1Q7R00000a2x6YUAQ|0.0
a1Q7R00000a2pGAUAY|0.0
a1Q7R00000a3GVWUA2|0.0
a1Q7R00000a38lgUAA|0.0
a1Q7R00000ZWQKyUAP|0.0
a1Q7R00000ZWSG4UAP|0.0
a1Q7R00000a3IIyUAM|0.0
a1Q2X00000Z912LUAR|0.0
a1Q7R00000a2l8hUAA|0.0
a1Q7R00000a2xtPUAQ|0.0
a1Q7R00000eiQ9hUAE|0.0
a1Q7R00000a2vupUAA|0.0
a1Q7R00000a2ol2UAA|0.0
a1Q7R00000a3AKmUAM|0.0
a1Q2X00000XcHuJUAV|0.0
a1Q7R00000a2q4jUAA|0.0
a1Q7R00000a2qS7UAI|0.0
a1Q2X00000ZWDSWUA5|0.0
a1Q7R00000a380zUAA|0.0
a1Q7R00000a39gmUAA|0.0
a1Q7R00000a2sAyUAI|0.0
a1Q7R00000a3DoQUAU|0.0
a1Q7R00000a32FtUAI|0.0
a1Q7R00000a3BhIUAU|0.0
a1Q7R00000a2lU8UAI|0.0
a1Q7R00000a2mHyUAI|0.0
a1Q7R00000a2mKnUAI|0.0
a1Q7R00000a2mTVUAY|0.0
a1Q7R00000a2oABUAY|0.0
a1Q7R00000ZWQ5eUAH|0.0
a1Q7R00000ZWRIiUAP|0.0
a1Q7R00000ZWVDwUAP|0.0
a1Q7R00000ZWVtJUAX|0.0
a1Q7R00000ZWXAHUA5|0.0
a1Q2X00000Xbc5RUAR|0.0
a1Q2X00000ZEaMSUA1|0.0
a1Q2X00000ZEW8lUAH|0.0
a1Q7R00000ZWNG0UAP|1.0
a1Q2X00000ZB8XYUA1|0.0
a1Q2X00000ZEZMqUAP|0.0
a1Q2X00000ZWCbEUAX|0.0
a1Q2X00000XcBQ2UAN|0.0
a1Q2X00000ZEVfeUAH|0.0
a1Q2X00000ZEXnzUAH|0.0
a1Q7R00000ZWLYKUA5|0.0
a1Q7R00000ZWRYHUA5|0.0
a1Q2X00000XbbK7UAJ|0.0
a1Q2X00000ZEbQuUAL|0.0
a1Q2X00000ZWCf9UAH|0.0
a1Q2X00000ZWCVpUAP|0.0
a1Q7R00000ZWGguUAH|1.0
a1Q7R00000ZWRzDUAX|0.0
a1Q2X00000ZEXN3UAP|0.0
a1Q7R00000ZWH48UAH|0.0
a1Q2X00000Xc4s0UAB|0.0
a1Q2X00000ZEcb5UAD|0.0
a1Q2X00000ZEVzyUAH|0.0
a1Q2X00000ZWB1IUAX|0.0
a1Q7R00000ZWHdmUAH|0.0
a1Q7R00000a2tKLUAY|0.0
a1Q2X00000ZEZhoUAH|0.0
a1Q7R00000a38LiUAI|0.0
a1Q7R00000ZWWyFUAX|0.0
a1Q7R00000a37nvUAA|0.0
a1Q7R00000ZWONWUA5|0.0
a1Q7R00000ZWFGHUA5|0.0
a1Q7R00000ZWHxmUAH|0.0
a1Q7R00000eioXAUAY|0.0
a1Q7R00000eiRLyUAM|0.0
a1Q7R00000eihvjUAA|0.0
a1Q7R00000ejSM2UAM|0.0
a1Q7R00000eiXGQUA2|0.0
a1Q7R00000eirFxUAI|0.0
a1Q7R00000eiUInUAM|0.0
a1Q7R00000eiVzTUAU|0.0
a1Q7R00000eiUr9UAE|0.0
a1Q7R00000eihydUAA|0.0
a1Q7R00000eiUUAUA2|0.0
a1Q7R00000eisjoUAA|0.0
a1Q7R00000eizqwUAA|0.0
a1Q7R00000ej3IKUAY|0.0
a1Q7R00000eiz81UAA|0.0
a1Q7R00000ej6TBUAY|0.0
a1Q7R00000ejPm7UAE|0.0
a1Q7R00000ejP7EUAU|0.0
a1Q7R00000ejDd3UAE|0.0
a1Q2X00000ZEawfUAD|0.0
a1Q7R00000ejDWCUA2|0.0
a1Q7R00000ejSgHUAU|0.0
a1Q7R00000ejXHHUA2|0.0
a1Q7R00000ejSQdUAM|0.0
a1Q7R00000ejUBGUA2|0.0
a1Q2X00000ZBRyOUAX|0.0
a1Q7R00000a2vHZUAY|0.0
a1Q7R00000a2wUJUAY|0.0
a1Q7R00000ejChxUAE|0.0
a1Q7R00000a2lWdUAI|0.0
a1Q7R00000a2le3UAA|0.0
a1Q7R00000a2q79UAA|0.0
a1Q2X00000ZEYbfUAH|0.0
a1Q7R00000ZWEnUUAX|0.0
a1Q2X00000XcUgQUAV|0.0
a1Q7R00000ZWRurUAH|0.0
a1Q7R00000a3IaOUAU|0.0
a1Q7R00000a30CiUAI|0.0
a1Q7R00000a2zzZUAQ|0.0
a1Q2X00000Xc3v8UAB|0.0
a1Q2X00000ZALhAUAX|0.0
a1Q2X00000ZEgpUUAT|0.0
a1Q7R00000a31t9UAA|0.0
a1Q2X00000ZElSSUA1|0.0
a1Q7R00000a3C8sUAE|0.0
a1Q7R00000a394dUAA|0.0
a1Q7R00000a377uUAA|0.0
a1Q7R00000a37lpUAA|0.0
a1Q7R00000a356uUAA|0.0
a1Q2X00000ZEWnoUAH|0.0
a1Q7R00000eiNPIUA2|0.0
a1Q7R00000a384IUAQ|0.0
a1Q7R00000a3FB1UAM|0.0
a1Q7R00000eife2UAA|0.0
a1Q7R00000a3J6UUAU|0.0
a1Q7R00000ZWEFDUA5|0.0
a1Q2X00000ZWE1TUAX|0.0
a1Q7R00000a2noUUAQ|0.0
a1Q7R00000a2ohZUAQ|0.0
a1Q7R00000a2opTUAQ|0.0
a1Q7R00000ZWQx7UAH|0.0
a1Q7R00000ZWUbOUAX|0.0
a1Q2X00000XcFPMUA3|0.0
a1Q2X00000ZAezVUAT|0.0
a1Q2X00000ZWDj8UAH|0.0
a1Q7R00000ZWHViUAP|0.0
a1Q2X00000Xc3tZUAR|0.0
a1Q2X00000ZEVycUAH|0.0
a1Q2X00000ZEWmlUAH|0.0
a1Q2X00000ZWCPGUA5|0.0
a1Q2X00000ZEbqTUAT|0.0
a1Q2X00000ZEcynUAD|0.0
a1Q2X00000ZEjbZUAT|0.0
a1Q2X00000ZEkQrUAL|0.0
a1Q2X00000ZEWLLUA5|0.0
a1Q2X00000ZEXVWUA5|0.0
a1Q2X00000ZEYUeUAP|0.0
a1Q7R00000ZWHwtUAH|0.0
a1Q7R00000ZWOg9UAH|0.0
a1Q7R00000ZWP3hUAH|0.0
a1Q2X00000XbKfCUAV|0.0
a1Q2X00000ZEYTbUAP|0.0
a1Q2X00000ZWCb4UAH|0.0
a1Q2X00000ZEXTGUA5|0.0
a1Q7R00000ZWQwYUAX|0.0
a1Q2X00000XbYtEUAV|0.0
a1Q2X00000XcPfXUAV|0.0
a1Q7R00000a2yQiUAI|0.0
a1Q2X00000ZEef9UAD|1.0
a1Q2X00000ZEZuTUAX|0.0
a1Q7R00000a2lcHUAQ|0.0
a1Q7R00000a36pbUAA|0.0
a1Q7R00000ZWRRgUAP|0.0
a1Q7R00000a39YnUAI|0.0
a1Q7R00000eiP1DUAU|0.0
a1Q7R00000a3E99UAE|0.0
a1Q7R00000eiMoCUAU|0.0
a1Q7R00000eiZhEUAU|0.0
a1Q7R00000eiVpTUAU|0.0
a1Q7R00000eiS4UUAU|0.0
a1Q7R00000eiVFLUA2|0.0
a1Q7R00000eiTavUAE|0.0
a1Q7R00000eilnPUAQ|0.0
a1Q7R00000eiXr7UAE|0.0
a1Q7R00000eiPbLUAU|0.0
a1Q7R00000eiUfSUAU|0.0
a1Q7R00000eiOxVUAU|0.0
a1Q7R00000eiXf1UAE|0.0
a1Q7R00000eiw0dUAA|0.0
a1Q7R00000eiqUrUAI|0.0
a1Q7R00000eiqSlUAI|0.0
a1Q7R00000eiq4KUAQ|0.0
a1Q7R00000eijHbUAI|0.0
a1Q7R00000eimZxUAI|0.0
a1Q7R00000ej0ymUAA|0.0
a1Q7R00000a3GHyUAM|0.0
a1Q7R00000ej3hFUAQ|0.0
a1Q7R00000eipzyUAA|0.0
a1Q7R00000eiyihUAA|0.0
a1Q7R00000ej30GUAQ|0.0
a1Q2X00000ZAex5UAD|0.0
a1Q2X00000ZEXXrUAP|0.0
a1Q2X00000ZEbJZUA1|0.0
a1Q2X00000ZEc7tUAD|0.0
a1Q7R00000ejAd0UAE|0.0
a1Q7R00000ejR5tUAE|0.0
a1Q7R00000ejW8dUAE|0.0
a1Q2X00000ZWDTKUA5|0.0
a1Q7R00000eibW9UAI|1.0
a1Q2X00000ZEWOAUA5|0.0
a1Q2X00000ZEW6cUAH|0.0
a1Q7R00000ZWWDxUAP|1.0
a1Q7R00000ZWWXTUA5|0.0
a1Q2X00000ZEWTeUAP|0.0
a1Q2X00000Xc1YlUAJ|1.0
a1Q7R00000a31oxUAA|1.0
a1Q7R00000a33Q9UAI|0.0
a1Q2X00000Xc2QKUAZ|0.0
a1Q2X00000Z6oHhUAJ|1.0
a1Q2X00000Z8rTeUAJ|0.0
a1Q7R00000ZWN3LUAX|0.0
a1Q7R00000ZWTrBUAX|0.0
a1Q7R00000a2wCFUAY|1.0
a1Q7R00000ZWQmiUAH|1.0
a1Q7R00000a2nPKUAY|0.0
a1Q7R00000ejRprUAE|1.0
a1Q7R00000eil7xUAA|1.0
a1Q7R00000eirenUAA|0.0
a1Q7R00000eixrsUAA|0.0
a1Q2X00000ZAiplUAD|1.0
a1Q2X00000XcKaYUAV|1.0
a1Q7R00000a2tJmUAI|0.0
a1Q2X00000Xbm5dUAB|1.0
a1Q2X00000ZEb2TUAT|0.0
a1Q7R00000ZWHm5UAH|1.0
a1Q2X00000ZWBb1UAH|0.0
a1Q7R00000ZWEtwUAH|1.0
a1Q2X00000Xbpv2UAB|1.0
a1Q7R00000ZWRaIUAX|0.0
a1Q7R00000ZWIOdUAP|0.0
a1Q7R00000a33qTUAQ|1.0
a1Q2X00000ZEXenUAH|0.0
a1Q7R00000a2n2pUAA|1.0
a1Q7R00000ZWNJ4UAP|0.0
a1Q2X00000ZB1qWUAT|1.0
a1Q7R00000a2o2HUAQ|0.0
a1Q7R00000a2sPjUAI|1.0
a1Q7R00000a3CurUAE|0.0
a1Q7R00000a31npUAA|0.0
a1Q7R00000a2xFZUAY|1.0
a1Q7R00000a2s1mUAA|1.0
a1Q7R00000eixqaUAA|0.0
a1Q7R00000ZWEtNUAX|1.0
a1Q7R00000ZWHe1UAH|1.0
a1Q7R00000ZWW7aUAH|1.0
a1Q7R00000ZWR26UAH|0.0
a1Q7R00000ZWFYuUAP|0.0
a1Q2X00000ZWAerUAH|1.0
a1Q7R00000a2lQBUAY|0.0
a1Q7R00000ZWL5iUAH|0.0
a1Q2X00000ZAMrZUAX|0.0
a1Q2X00000ZAXW7UAP|1.0
a1Q7R00000ZWKlrUAH|1.0
a1Q7R00000ZWLEZUA5|0.0
a1Q7R00000ZWLqsUAH|0.0
a1Q7R00000ZWRBXUA5|0.0
a1Q2X00000Z6k8pUAB|1.0
a1Q2X00000ZEeF1UAL|0.0
a1Q2X00000Z9vPIUAZ|1.0
a1Q2X00000ZAFPxUAP|1.0
a1Q2X00000ZW9pnUAD|1.0
a1Q7R00000a34HDUAY|0.0
a1Q2X00000ZEY8EUAX|0.0
a1Q7R00000a37r9UAA|1.0
a1Q7R00000a2r8IUAQ|1.0
a1Q7R00000ejRF5UAM|0.0
a1Q7R00000ejDLOUA2|0.0
a1Q2X00000XcnEaUAJ|0.0
a1Q7R00000ZWFvPUAX|0.0
a1Q7R00000ZWP91UAH|0.0
a1Q7R00000ZWEnZUAX|1.0
a1Q2X00000ZEZ4mUAH|1.0
a1Q2X00000Xbej8UAB|1.0
a1Q2X00000ZEX5EUAX|1.0
a1Q7R00000ZWHq7UAH|1.0
a1Q7R00000ZWH2HUAX|1.0
a1Q2X00000XbZMbUAN|1.0
a1Q7R00000ZWJL6UAP|1.0
a1Q7R00000ZWMv2UAH|0.0
a1Q7R00000ZWENBUA5|0.0
a1Q2X00000XbZPfUAN|1.0
a1Q7R00000a2ml5UAA|1.0
a1Q2X00000Z9BPhUAN|0.0
a1Q7R00000a31KiUAI|1.0
a1Q7R00000eiZJqUAM|1.0
a1Q7R00000ej6w3UAA|1.0
a1Q2X00000XcABxUAN|1.0
a1Q2X00000ZAVHCUA5|1.0
a1Q2X00000ZEaXpUAL|1.0
a1Q2X00000ZEZ07UAH|1.0
a1Q2X00000ZASPHUA5|1.0
a1Q7R00000a2vuuUAA|1.0
a1Q7R00000ZWI7cUAH|0.0
a1Q2X00000Z9OhAUAV|0.0
a1Q7R00000a2koHUAQ|0.0
a1Q7R00000a2ljwUAA|1.0
a1Q7R00000a377pUAA|0.0
a1Q7R00000ZWP3IUAX|1.0
a1Q7R00000ZWU1pUAH|0.0
a1Q7R00000a2lMxUAI|1.0
a1Q7R00000a2y9SUAQ|1.0
a1Q7R00000a3FTAUA2|1.0
a1Q2X00000ZElpCUAT|0.0
a1Q7R00000a3GNDUA2|0.0
a1Q2X00000ZWDotUAH|1.0
a1Q7R00000eiUE2UAM|1.0
a1Q2X00000Z6jSmUAJ|1.0
a1Q7R00000ZWOQuUAP|1.0
a1Q7R00000ZWU4eUAH|0.0
a1Q2X00000ZAXazUAH|1.0
a1Q2X00000ZWB1DUAX|1.0
a1Q2X00000ZEb8HUAT|1.0
a1Q7R00000ZWEZyUAP|0.0
a1Q2X00000ZEaidUAD|1.0
a1Q2X00000XbedUUAR|0.0
a1Q2X00000ZEdIEUA1|1.0
a1Q7R00000ZWIL0UAP|0.0
a1Q7R00000a2lc7UAA|0.0
a1Q7R00000eiOIDUA2|1.0
a1Q7R00000ZWPRoUAP|0.0
a1Q7R00000a2kbSUAQ|0.0
a1Q2X00000XblFeUAJ|0.0
a1Q2X00000ZEmVfUAL|1.0
a1Q2X00000ZEc59UAD|0.0
a1Q2X00000ZWDp3UAH|1.0
a1Q7R00000eiuPqUAI|0.0
a1Q7R00000ejZYAUA2|0.0
a1Q2X00000ZEcGgUAL|0.0
a1Q7R00000ZWUEFUA5|0.0
a1Q7R00000ZWJB6UAP|0.0
a1Q7R00000ZWIG0UAP|1.0
a1Q7R00000ZWKA1UAP|1.0
a1Q2X00000ZEXcdUAH|1.0
a1Q7R00000ZWML9UAP|0.0
a1Q7R00000eiUe5UAE|1.0
a1Q7R00000a2pPHUAY|1.0
a1Q7R00000a3ITDUA2|1.0
a1Q7R00000a31JfUAI|1.0
a1Q2X00000ZEjVuUAL|1.0
a1Q7R00000a2zgrUAA|0.0
a1Q7R00000a3Fr2UAE|0.0
a1Q7R00000a3G6RUAU|0.0
a1Q7R00000eiNkzUAE|0.0
a1Q7R00000eiPAeUAM|0.0
a1Q7R00000ejSC7UAM|0.0
a1Q7R00000a2vBgUAI|0.0
a1Q2X00000ZEcmDUAT|1.0
a1Q2X00000Z6k8fUAB|1.0
a1Q7R00000a2m1CUAQ|0.0
a1Q7R00000ejLELUA2|0.0
a1Q7R00000a2mF4UAI|1.0
a1Q7R00000a3AjXUAU|0.0
a1Q2X00000XbVU2UAN|1.0
a1Q7R00000eiUp8UAE|1.0
a1Q7R00000ejNwAUAU|1.0
a1Q7R00000eigmHUAQ|1.0
a1Q7R00000ZWFaCUAX|1.0
a1Q2X00000ZBSyJUAX|1.0
a1Q2X00000ZEbKDUA1|1.0
a1Q7R00000ZWUoSUAX|1.0
a1Q7R00000ZWI7XUAX|0.0
a1Q7R00000ZWIbXUAX|1.0
a1Q7R00000ZWMABUA5|1.0
a1Q2X00000ZEc20UAD|1.0
a1Q7R00000a2njPUAQ|0.0
a1Q7R00000ZWQeZUAX|1.0
a1Q7R00000ZWSozUAH|0.0
a1Q2X00000Z6q7mUAB|1.0
a1Q7R00000a2rt4UAA|0.0
a1Q7R00000a2nIxUAI|1.0
a1Q7R00000a3C71UAE|0.0
a1Q7R00000a3DSyUAM|0.0
a1Q7R00000eiRdnUAE|0.0
a1Q2X00000XbjeVUAR|1.0
a1Q7R00000ZWKYEUA5|1.0
a1Q2X00000XboqTUAR|1.0
a1Q7R00000a320UUAQ|1.0
a1Q7R00000a36P9UAI|0.0
a1Q2X00000XbkOhUAJ|0.0
a1Q7R00000ZWNcQUAX|1.0
a1Q7R00000ZWVYzUAP|1.0
a1Q7R00000a3E6oUAE|0.0
a1Q2X00000ZEcLgUAL|1.0
a1Q7R00000a2qFXUAY|0.0
a1Q7R00000a3JgIUAU|0.0
a1Q7R00000a3EwGUAU|0.0
a1Q7R00000ZWSaiUAH|0.0
a1Q2X00000XcQVgUAN|0.0
a1Q7R00000a2sgkUAA|0.0
a1Q2X00000Xbc5bUAB|1.0
a1Q7R00000a2nWfUAI|1.0
a1Q7R00000a2wVRUAY|0.0
a1Q2X00000ZBSLRUA5|1.0
a1Q7R00000ZWW9lUAH|0.0
a1Q2X00000XbWitUAF|0.0
a1Q7R00000ZWEPWUA5|1.0
a1Q7R00000a2jwjUAA|0.0
a1Q2X00000ZEWycUAH|0.0
a1Q7R00000ZWKWrUAP|0.0
a1Q7R00000a38i8UAA|1.0
a1Q7R00000ZWRWpUAP|1.0
a1Q2X00000Z9KI8UAN|0.0
a1Q7R00000a31TaUAI|1.0
a1Q7R00000a2x8sUAA|0.0
a1Q7R00000a3FcbUAE|0.0
a1Q7R00000eiUtjUAE|0.0
a1Q2X00000ZWBBcUAP|1.0
a1Q7R00000a33Y3UAI|1.0
a1Q2X00000XcSHGUA3|1.0
a1Q7R00000a3DAuUAM|1.0
a1Q2X00000XcSG6UAN|0.0
a1Q2X00000XbWlIUAV|1.0
a1Q2X00000XbkNyUAJ|1.0
a1Q7R00000ZWIMmUAP|1.0
a1Q7R00000ZWX27UAH|0.0
a1Q7R00000a30OtUAI|0.0
a1Q7R00000ZWMWvUAP|0.0
a1Q7R00000a2oJIUAY|1.0
a1Q7R00000ZWS0QUAX|1.0
a1Q7R00000a36qoUAA|0.0
a1Q2X00000ZEe41UAD|1.0
a1Q7R00000a2tDVUAY|1.0
a1Q7R00000a33NZUAY|0.0
a1Q2X00000Xc6oNUAR|0.0
a1Q7R00000a31MtUAI|1.0
a1Q7R00000eiMmBUAU|0.0
a1Q7R00000a370FUAQ|1.0
a1Q7R00000eiR86UAE|0.0
a1Q7R00000eidx7UAA|1.0
a1Q7R00000ZWFyxUAH|0.0
a1Q2X00000ZARfFUAX|0.0
a1Q2X00000Z9me0UAB|1.0
a1Q7R00000ZWKS0UAP|1.0
a1Q7R00000ZWIbGUAX|0.0
a1Q7R00000eicdzUAA|1.0
a1Q7R00000a2sy0UAA|1.0
a1Q2X00000ZEfTxUAL|1.0
a1Q7R00000a3FKhUAM|1.0
a1Q7R00000a3C89UAE|1.0
a1Q7R00000eitjuUAA|1.0
a1Q7R00000ZWExjUAH|1.0
a1Q2X00000ZW8d7UAD|1.0
a1Q7R00000ZWPY6UAP|1.0
a1Q7R00000ej8llUAA|1.0
a1Q2X00000ZBSU4UAP|0.0
a1Q2X00000Z8wyEUAR|1.0
a1Q7R00000ZWOOyUAP|1.0
a1Q7R00000a2lH4UAI|0.0
a1Q2X00000XbUU9UAN|0.0
a1Q2X00000ZEaptUAD|1.0
a1Q2X00000ZEc3hUAD|1.0
a1Q7R00000a38eaUAA|0.0
a1Q7R00000ZWS9IUAX|1.0
a1Q2X00000ZEe3XUAT|1.0
a1Q7R00000a3BCKUA2|1.0
a1Q7R00000aBCV1UAO|1.0
a1Q2X00000Z9xImUAJ|1.0
a1Q2X00000ZWBG8UAP|1.0
a1Q7R00000a35bnUAA|1.0
a1Q7R00000eifpPUAQ|1.0
a1Q7R00000ej9zeUAA|1.0
a1Q2X00000XbW3uUAF|0.0
a1Q2X00000ZEc1CUAT|0.0
a1Q7R00000ZWEWZUA5|1.0
a1Q7R00000ZWI3QUAX|0.0
a1Q2X00000XbwnDUAR|1.0
a1Q7R00000ZWTDzUAP|0.0
a1Q7R00000ZWJbsUAH|1.0
a1Q7R00000a36n6UAA|0.0
a1Q7R00000ZWLXbUAP|0.0
a1Q7R00000a31XcUAI|1.0
a1Q2X00000ZAJdFUAX|1.0
a1Q2X00000ZW9aTUAT|1.0
a1Q7R00000eiVJ3UAM|1.0
a1Q7R00000a38GxUAI|0.0
a1Q7R00000a2rCtUAI|1.0
a1Q7R00000eiY12UAE|0.0
a1Q7R00000eiuQUUAY|0.0
a1Q7R00000ZWTB0UAP|1.0
a1Q7R00000ZWPNrUAP|0.0
a1Q7R00000ZWMYwUAP|0.0
a1Q2X00000ZEX5nUAH|1.0
a1Q7R00000a2xIEUAY|0.0
a1Q2X00000XbrMLUAZ|1.0
a1Q7R00000ZWH27UAH|0.0
a1Q7R00000ZWFNwUAP|1.0
a1Q7R00000ZWGNYUA5|0.0
a1Q2X00000ZEYOHUA5|0.0
a1Q2X00000XbyvRUAR|1.0
a1Q7R00000ZWSUfUAP|1.0
a1Q7R00000ZWN78UAH|0.0
a1Q2X00000ZEandUAD|1.0
a1Q2X00000Z99hiUAB|1.0
a1Q7R00000a3CCkUAM|1.0
a1Q7R00000eiWz5UAE|0.0
a1Q2X00000ZAQC1UAP|1.0
a1Q2X00000Xc3fGUAR|0.0
a1Q7R00000eiZYRUA2|0.0
a1Q7R00000ejTXLUA2|1.0
